sample_id,source,event,xbd_disaster_type,disaster_type,severity,combined_class,severity_measure,severity_value,n_buildings,n_damaged,n_minor,n_major,n_destroyed,pre_path,post_path,target_path,has_pre_image,center_lon,center_lat,geo_transform,geo_epsg,orig_width,orig_height,capture_date,split,cv_fold,gt_affected_fraction
mexico-earthquake_00000000,xBD,mexico-earthquake,earthquake,Earthquake,Low,Earthquake_Low,damaged_building_fraction,0.0044543429844097,449,2,2,0,0,train/images/mexico-earthquake_00000000_pre_disaster.png,train/images/mexico-earthquake_00000000_post_disaster.png,train/targets/mexico-earthquake_00000000_post_disaster_target.png,True,-99.22632389055592,19.32467983954995,"[-99.22862515662396, 4.4946602891375105e-06, 0.0, 19.32698110561799, 0.0, -4.4946602891375105e-06]",4326,1024,1024,2017-09-20T17:46:11.000Z,train,1,0.0066375732421875
mexico-earthquake_00000001,xBD,mexico-earthquake,earthquake,Earthquake,Low,Earthquake_Low,damaged_building_fraction,0.0,172,0,0,0,0,train/images/mexico-earthquake_00000001_pre_disaster.png,train/images/mexico-earthquake_00000001_post_disaster.png,train/targets/mexico-earthquake_00000001_post_disaster_target.png,True,-99.22633629634662,19.333641875358826,"[-99.22863762760639, 4.494787616749877e-06, 0.0, 19.3359432066186, 0.0, -4.494787616749877e-06]",4326,1024,1024,2017-09-20T17:46:11.000Z,test,-1,0.0
mexico-earthquake_00000002,xBD,mexico-earthquake,earthquake,Earthquake,Low,Earthquake_Low,damaged_building_fraction,0.0,286,0,0,0,0,train/images/mexico-earthquake_00000002_pre_disaster.png,train/images/mexico-earthquake_00000002_post_disaster.png,train/targets/mexico-earthquake_00000002_post_disaster_target.png,True,-99.2262990996184,19.306755741401787,"[-99.22860023541773, 4.494405858057834e-06, 0.0, 19.30905687720111, 0.0, -4.494405858057834e-06]",4326,1024,1024,2017-09-20T17:46:11.000Z,test,-1,0.0
mexico-earthquake_00000003,xBD,mexico-earthquake,earthquake,Earthquake,Low,Earthquake_Low,damaged_building_fraction,0.009656652360515,932,9,9,0,0,train/images/mexico-earthquake_00000003_pre_disaster.png,train/images/mexico-earthquake_00000003_post_disaster.png,train/targets/mexico-earthquake_00000003_post_disaster_target.png,True,-99.2263114916471,19.315717794896457,"[-99.22861269256165, 4.494533036249023e-06, 0.0, 19.318018995811016, 0.0, -4.494533036249023e-06]",4326,1024,1024,2017-09-20T17:46:11.000Z,train,0,0.00653076171875
mexico-earthquake_00000004,xBD,mexico-earthquake,earthquake,Earthquake,Low,Earthquake_Low,damaged_building_fraction,0.0,170,0,0,0,0,train/images/mexico-earthquake_00000004_pre_disaster.png,train/images/mexico-earthquake_00000004_post_disaster.png,train/targets/mexico-earthquake_00000004_post_disaster_target.png,True,-99.22632436496474,19.412572732127284,"[-99.22862569990521, 4.49479480561785e-06, 0.0, 19.41487406706776, 0.0, -4.49479480561785e-06]",4326,1024,1024,2017-09-20T17:46:11.000Z,train,4,0.0
mexico-earthquake_00000007,xBD,mexico-earthquake,earthquake,Earthquake,Low,Earthquake_Low,damaged_building_fraction,0.0,435,0,0,0,0,train/images/mexico-earthquake_00000007_pre_disaster.png,train/images/mexico-earthquake_00000007_post_disaster.png,train/targets/mexico-earthquake_00000007_post_disaster_target.png,True,-99.22152958882924,19.3588199587582,"[-99.22383052879303, 4.494023366805713e-06, 0.0, 19.361120898722003, 0.0, -4.494023366805713e-06]",4326,1024,1024,2017-09-20T17:46:11.000Z,train,1,0.0
mexico-earthquake_00000008,xBD,mexico-earthquake,earthquake,Earthquake,Low,Earthquake_Low,damaged_building_fraction,0.0034965034965034,286,1,1,0,0,train/images/mexico-earthquake_00000008_pre_disaster.png,train/images/mexico-earthquake_00000008_post_disaster.png,train/targets/mexico-earthquake_00000008_post_disaster_target.png,True,-99.2168832267022,19.32469119147689,"[-99.2191844876479, 4.4946502845687504e-06, 0.0, 19.326992452422594, 0.0, -4.4946502845687504e-06]",4326,1024,1024,2017-09-20T17:46:11.000Z,val,2,0.0012969970703125
mexico-earthquake_00000009,xBD,mexico-earthquake,earthquake,Earthquake,Low,Earthquake_Low,damaged_building_fraction,0.0,244,0,0,0,0,train/images/mexico-earthquake_00000009_pre_disaster.png,train/images/mexico-earthquake_00000009_post_disaster.png,train/targets/mexico-earthquake_00000009_post_disaster_target.png,True,-99.2168951175464,19.333653232964497,"[-99.21919644367357, 4.49477759212258e-06, 0.0, 19.335954559091665, 0.0, -4.49477759212258e-06]",4326,1024,1024,2017-09-20T17:46:11.000Z,train,0,0.0
mexico-earthquake_00000011,xBD,mexico-earthquake,earthquake,Earthquake,Low,Earthquake_Low,damaged_building_fraction,0.0,196,0,0,0,0,train/images/mexico-earthquake_00000011_pre_disaster.png,train/images/mexico-earthquake_00000011_post_disaster.png,train/targets/mexico-earthquake_00000011_post_disaster_target.png,True,-99.21680944795298,19.35882557985372,"[-99.21911038532949, 4.494018313488635e-06, 0.0, 19.36112651723023, 0.0, -4.494018313488635e-06]",4326,1024,1024,2017-09-20T17:46:11.000Z,train,2,0.0
mexico-earthquake_00000013,xBD,mexico-earthquake,earthquake,Earthquake,Low,Earthquake_Low,damaged_building_fraction,0.0,260,0,0,0,0,train/images/mexico-earthquake_00000013_pre_disaster.png,train/images/mexico-earthquake_00000013_post_disaster.png,train/targets/mexico-earthquake_00000013_post_disaster_target.png,True,-99.2121709812802,19.421549376142277,"[-99.21447237388504, 4.494907431323934e-06, 0.0, 19.423850768747112, 0.0, -4.494907431323934e-06]",4326,1024,1024,2017-09-20T17:46:11.000Z,train,3,0.0
mexico-earthquake_00000015,xBD,mexico-earthquake,earthquake,Earthquake,Low,Earthquake_Low,damaged_building_fraction,0.0,52,0,0,0,0,train/images/mexico-earthquake_00000015_pre_disaster.png,train/images/mexico-earthquake_00000015_post_disaster.png,train/targets/mexico-earthquake_00000015_post_disaster_target.png,True,-99.2121396449094,19.30677256919452,"[-99.21444077303366, 4.494390867653761e-06, 0.0, 19.30907369731876, 0.0, -4.494390867653761e-06]",4326,1024,1024,2017-09-20T17:46:11.000Z,train,2,0.0
mexico-earthquake_00000017,xBD,mexico-earthquake,earthquake,Earthquake,Low,Earthquake_Low,damaged_building_fraction,0.0,320,0,0,0,0,train/images/mexico-earthquake_00000017_pre_disaster.png,train/images/mexico-earthquake_00000017_post_disaster.png,train/targets/mexico-earthquake_00000017_post_disaster_target.png,True,-99.20744255627368,19.324702054744044,"[-99.20974381203746, 4.494640163641312e-06, 0.0, 19.327003310507827, 0.0, -4.494640163641312e-06]",4326,1024,1024,2017-09-20T17:46:11.000Z,val,4,0.0
mexico-earthquake_00000018,xBD,mexico-earthquake,earthquake,Earthquake,Low,Earthquake_Low,damaged_building_fraction,0.0,243,0,0,0,0,train/images/mexico-earthquake_00000018_pre_disaster.png,train/images/mexico-earthquake_00000018_post_disaster.png,train/targets/mexico-earthquake_00000018_post_disaster_target.png,True,-99.20745393216971,19.333664101666223,"[-99.2097552531047, 4.494767451126565e-06, 0.0, 19.335965422601202, 0.0, -4.494767451126565e-06]",4326,1024,1024,2017-09-20T17:46:11.000Z,train,2,0.0
mexico-earthquake_00000019,xBD,mexico-earthquake,earthquake,Earthquake,Low,Earthquake_Low,damaged_building_fraction,0.0,249,0,0,0,0,train/images/mexico-earthquake_00000019_pre_disaster.png,train/images/mexico-earthquake_00000019_post_disaster.png,train/targets/mexico-earthquake_00000019_post_disaster_target.png,True,-99.2073744333604,19.270929587619605,"[-99.20967529889954, 4.493878006123124e-06, 0.0, 19.27323045315874, 0.0, -4.493878006123124e-06]",4326,1024,1024,2017-09-20T17:46:11.000Z,train,0,0.0
mexico-earthquake_00000020,xBD,mexico-earthquake,earthquake,Earthquake,Low,Earthquake_Low,damaged_building_fraction,0.0,109,0,0,0,0,train/images/mexico-earthquake_00000020_pre_disaster.png,train/images/mexico-earthquake_00000020_post_disaster.png,train/targets/mexico-earthquake_00000020_post_disaster_target.png,True,-99.20741982341116,19.30677793437284,"[-99.20972094894725, 4.494385812691686e-06, 0.0, 19.30907905990894, 0.0, -4.494385812691686e-06]",4326,1024,1024,2017-09-20T17:46:11.000Z,test,-1,0.0
mexico-earthquake_00000021,xBD,mexico-earthquake,earthquake,Earthquake,Low,Earthquake_Low,damaged_building_fraction,0.0,283,0,0,0,0,train/images/mexico-earthquake_00000021_pre_disaster.png,train/images/mexico-earthquake_00000021_post_disaster.png,train/targets/mexico-earthquake_00000021_post_disaster_target.png,True,-99.207431186688,19.315739998978437,"[-99.20973237731883, 4.494512950835169e-06, 0.0, 19.31804118960926, 0.0, -4.494512950835169e-06]",4326,1024,1024,2017-09-20T17:46:11.000Z,train,4,0.0
mexico-earthquake_00000023,xBD,mexico-earthquake,earthquake,Earthquake,Low,Earthquake_Low,damaged_building_fraction,0.0,257,0,0,0,0,train/images/mexico-earthquake_00000023_pre_disaster.png,train/images/mexico-earthquake_00000023_post_disaster.png,train/targets/mexico-earthquake_00000023_post_disaster_target.png,True,-99.20272221868316,19.32470730312974,"[-99.20502347183364, 4.4946350595501745e-06, 0.0, 19.327008556280227, 0.0, -4.4946350595501745e-06]",4326,1024,1024,2017-09-20T17:46:11.000Z,train,3,0.0
mexico-earthquake_00000024,xBD,mexico-earthquake,earthquake,Earthquake,Low,Earthquake_Low,damaged_building_fraction,0.0,286,0,0,0,0,train/images/mexico-earthquake_00000024_pre_disaster.png,train/images/mexico-earthquake_00000024_post_disaster.png,train/targets/mexico-earthquake_00000024_post_disaster_target.png,True,-99.20273333710452,19.33366935267766,"[-99.20503465542107, 4.4947623369876975e-06, 0.0, 19.335970670994197, 0.0, -4.4947623369876975e-06]",4326,1024,1024,2017-09-20T17:46:11.000Z,train,4,0.0
mexico-earthquake_00000027,xBD,mexico-earthquake,earthquake,Earthquake,Low,Earthquake_Low,damaged_building_fraction,0.0,240,0,0,0,0,train/images/mexico-earthquake_00000027_pre_disaster.png,train/images/mexico-earthquake_00000027_post_disaster.png,train/targets/mexico-earthquake_00000027_post_disaster_target.png,True,-99.20271110642928,19.315745244738665,"[-99.20501229445196, 4.494507856786054e-06, 0.0, 19.31804643276134, 0.0, -4.494507856786054e-06]",4326,1024,1024,2017-09-20T17:46:11.000Z,train,2,0.0
mexico-earthquake_00000029,xBD,mexico-earthquake,earthquake,Earthquake,Low,Earthquake_Low,damaged_building_fraction,0.0,325,0,0,0,0,train/images/mexico-earthquake_00000029_pre_disaster.png,train/images/mexico-earthquake_00000029_post_disaster.png,train/targets/mexico-earthquake_00000029_post_disaster_target.png,True,-99.19800187955607,19.324712429349947,"[-99.2003031300784, 4.494629926380306e-06, 0.0, 19.327013679872255, 0.0, -4.494629926380306e-06]",4326,1024,1024,2017-09-20T17:46:11.000Z,train,1,0.0
mexico-earthquake_00000030,xBD,mexico-earthquake,earthquake,Earthquake,Low,Earthquake_Low,damaged_building_fraction,0.0,113,0,0,0,0,train/images/mexico-earthquake_00000030_pre_disaster.png,train/images/mexico-earthquake_00000030_post_disaster.png,train/targets/mexico-earthquake_00000030_post_disaster_target.png,True,-99.19801274050242,19.333674481462584,"[-99.20031405618563, 4.494757193770078e-06, 0.0, 19.335975797145792, 0.0, -4.494757193770078e-06]",4326,1024,1024,2017-09-20T17:46:11.000Z,test,-1,0.0
mexico-earthquake_00000031,xBD,mexico-earthquake,earthquake,Earthquake,Low,Earthquake_Low,damaged_building_fraction,0.0,5,0,0,0,0,train/images/mexico-earthquake_00000031_pre_disaster.png,train/images/mexico-earthquake_00000031_post_disaster.png,train/targets/mexico-earthquake_00000031_post_disaster_target.png,True,-99.20271590511786,19.412600308324272,"[-99.2050172268923, 4.494769090709322e-06, 0.0, 19.414901630098715, 0.0, -4.494769090709322e-06]",4326,1024,1024,2017-09-20T17:46:11.000Z,test,-1,0.0
mexico-earthquake_00000032,xBD,mexico-earthquake,earthquake,Earthquake,Low,Earthquake_Low,damaged_building_fraction,0.0,48,0,0,0,0,train/images/mexico-earthquake_00000032_pre_disaster.png,train/images/mexico-earthquake_00000032_post_disaster.png,train/targets/mexico-earthquake_00000032_post_disaster_target.png,True,-99.19798017573588,19.306788298599525,"[-99.20028129605103, 4.494375615523117e-06, 0.0, 19.309089418914674, 0.0, -4.494375615523117e-06]",4326,1024,1024,2017-09-20T17:46:11.000Z,val,0,0.0
mexico-earthquake_00000033,xBD,mexico-earthquake,earthquake,Earthquake,Low,Earthquake_Low,damaged_building_fraction,0.0,93,0,0,0,0,train/images/mexico-earthquake_00000033_pre_disaster.png,train/images/mexico-earthquake_00000033_post_disaster.png,train/targets/mexico-earthquake_00000033_post_disaster_target.png,True,-99.1979910246344,19.31575036839445,"[-99.20029221003404, 4.494502733642674e-06, 0.0, 19.318051553794074, 0.0, -4.494502733642674e-06]",4326,1024,1024,2017-09-20T17:46:11.000Z,test,-1,0.0
mexico-earthquake_00000034,xBD,mexico-earthquake,earthquake,Earthquake,Low,Earthquake_Low,damaged_building_fraction,0.0,54,0,0,0,0,train/images/mexico-earthquake_00000034_pre_disaster.png,train/images/mexico-earthquake_00000034_post_disaster.png,train/targets/mexico-earthquake_00000034_post_disaster_target.png,True,-99.1932815389282,19.324717433404523,"[-99.19558278680742, 4.494624764112559e-06, 0.0, 19.327018681283747, 0.0, -4.494624764112559e-06]",4326,1024,1024,2017-09-20T17:46:11.000Z,train,2,0.0
mexico-earthquake_00000035,xBD,mexico-earthquake,earthquake,Earthquake,Low,Earthquake_Low,damaged_building_fraction,0.0,173,0,0,0,0,train/images/mexico-earthquake_00000035_pre_disaster.png,train/images/mexico-earthquake_00000035_post_disaster.png,train/targets/mexico-earthquake_00000035_post_disaster_target.png,True,-99.197969332859,19.297826219968623,"[-99.20027038812788, 4.494248572019452e-06, 0.0, 19.300127275237497, 0.0, -4.494248572019452e-06]",4326,1024,1024,2017-09-20T17:46:11.000Z,train,2,0.0
mexico-earthquake_00000037,xBD,mexico-earthquake,earthquake,Earthquake,Low,Earthquake_Low,damaged_building_fraction,0.0,292,0,0,0,0,train/images/mexico-earthquake_00000037_pre_disaster.png,train/images/mexico-earthquake_00000037_post_disaster.png,train/targets/mexico-earthquake_00000037_post_disaster_target.png,True,-99.1932603496303,19.306793297647573,"[-99.19556146731263, 4.494370473313572e-06, 0.0, 19.30909441532991, 0.0, -4.494370473313572e-06]",4326,1024,1024,2017-09-20T17:46:11.000Z,val,3,0.0
mexico-earthquake_00000039,xBD,mexico-earthquake,earthquake,Earthquake,Low,Earthquake_Low,damaged_building_fraction,0.008695652173913,115,1,1,0,0,train/images/mexico-earthquake_00000039_pre_disaster.png,train/images/mexico-earthquake_00000039_post_disaster.png,train/targets/mexico-earthquake_00000039_post_disaster_target.png,True,-99.18853019327769,19.29783609107625,"[-99.19083124327629, 4.494238278551714e-06, 0.0, 19.300137141074867, 0.0, -4.494238278551714e-06]",4326,1024,1024,2017-09-20T17:46:11.000Z,train,1,0.003082275390625
mexico-earthquake_00000040,xBD,mexico-earthquake,earthquake,Earthquake,Low,Earthquake_Low,damaged_building_fraction,0.0,416,0,0,0,0,train/images/mexico-earthquake_00000040_pre_disaster.png,train/images/mexico-earthquake_00000040_post_disaster.png,train/targets/mexico-earthquake_00000040_post_disaster_target.png,True,-99.18855081045896,19.412615381603807,"[-99.19085212415506, 4.494753312674189e-06, 0.0, 19.414916695299897, 0.0, -4.494753312674189e-06]",4326,1024,1024,2017-09-20T17:46:11.000Z,train,3,0.0
mexico-earthquake_00000041,xBD,mexico-earthquake,earthquake,Earthquake,Low,Earthquake_Low,damaged_building_fraction,0.0,142,0,0,0,0,train/images/mexico-earthquake_00000041_pre_disaster.png,train/images/mexico-earthquake_00000041_post_disaster.png,train/targets/mexico-earthquake_00000041_post_disaster_target.png,True,-99.17912050839676,19.32473171257277,"[-99.18142174825739, 4.49460910282339e-06, 0.0, 19.327032952433417, 0.0, -4.49460910282339e-06]",4326,1024,1024,2017-09-20T17:46:11.000Z,test,-1,0.0
mexico-earthquake_00000042,xBD,mexico-earthquake,earthquake,Earthquake,Low,Earthquake_Low,damaged_building_fraction,0.0,343,0,0,0,0,train/images/mexico-earthquake_00000042_pre_disaster.png,train/images/mexico-earthquake_00000042_post_disaster.png,train/targets/mexico-earthquake_00000042_post_disaster_target.png,True,-99.17913033943915,19.333693774333856,"[-99.18143164444012, 4.494736330022118e-06, 0.0, 19.33599507933483, 0.0, -4.494736330022118e-06]",4326,1024,1024,2017-09-20T17:46:11.000Z,train,2,0.0
mexico-earthquake_00000043,xBD,mexico-earthquake,earthquake,Earthquake,Low,Earthquake_Low,damaged_building_fraction,0.0,839,0,0,0,0,train/images/mexico-earthquake_00000043_pre_disaster.png,train/images/mexico-earthquake_00000043_post_disaster.png,train/targets/mexico-earthquake_00000043_post_disaster_target.png,True,-99.17434283219944,19.270963658286696,"[-99.17664367934805, 4.4938420871106114e-06, 0.0, 19.273264505435296, 0.0, -4.4938420871106114e-06]",4326,1024,1024,2017-09-20T17:46:11.000Z,train,4,0.0
mexico-earthquake_00000044,xBD,mexico-earthquake,earthquake,Earthquake,Low,Earthquake_Low,damaged_building_fraction,0.0,191,0,0,0,0,train/images/mexico-earthquake_00000044_pre_disaster.png,train/images/mexico-earthquake_00000044_post_disaster.png,train/targets/mexico-earthquake_00000044_post_disaster_target.png,True,-99.17909104798312,19.297845474252288,"[-99.18139209265193, 4.49422786878274e-06, 0.0, 19.300146518921103, 0.0, -4.49422786878274e-06]",4326,1024,1024,2017-09-20T17:46:11.000Z,train,0,0.0
mexico-earthquake_00000046,xBD,mexico-earthquake,earthquake,Earthquake,Low,Earthquake_Low,damaged_building_fraction,0.0,75,0,0,0,0,train/images/mexico-earthquake_00000046_pre_disaster.png,train/images/mexico-earthquake_00000046_post_disaster.png,train/targets/mexico-earthquake_00000046_post_disaster_target.png,True,-99.19323918384777,19.28886912654778,"[-99.19554017148599, 4.494116480901197e-06, 0.0, 19.291170114186002, 0.0, -4.494116480901197e-06]",4326,1024,1024,2017-09-20T17:46:11.000Z,train,3,0.0
mexico-earthquake_00000047,xBD,mexico-earthquake,earthquake,Earthquake,Low,Earthquake_Low,damaged_building_fraction,0.0,248,0,0,0,0,train/images/mexico-earthquake_00000047_pre_disaster.png,train/images/mexico-earthquake_00000047_post_disaster.png,train/targets/mexico-earthquake_00000047_post_disaster_target.png,True,-99.1885095529148,19.27991189743248,"[-99.1908104729559, 4.493984455255457e-06, 0.0, 19.282212817473567, 0.0, -4.493984455255457e-06]",4326,1024,1024,2017-09-20T17:46:11.000Z,train,1,0.0
mexico-earthquake_00000048,xBD,mexico-earthquake,earthquake,Earthquake,Low,Earthquake_Low,damaged_building_fraction,0.0077787381158167,1157,9,9,0,0,train/images/mexico-earthquake_00000048_pre_disaster.png,train/images/mexico-earthquake_00000048_post_disaster.png,train/targets/mexico-earthquake_00000048_post_disaster_target.png,True,-99.18380055518357,19.2888787488676,"[-99.18610153753201, 4.49410614930023e-06, 0.0, 19.291179731216037, 0.0, -4.49410614930023e-06]",4326,1024,1024,2017-09-20T17:46:11.000Z,train,4,0.0058441162109375
mexico-earthquake_00000049,xBD,mexico-earthquake,earthquake,Earthquake,Low,Earthquake_Low,damaged_building_fraction,0.0077369439071566,517,4,1,3,0,train/images/mexico-earthquake_00000049_pre_disaster.png,train/images/mexico-earthquake_00000049_post_disaster.png,train/targets/mexico-earthquake_00000049_post_disaster_target.png,True,-99.15079841163352,19.324756972416164,"[-99.15309963505496, 4.494576995009081e-06, 0.0, 19.32705819583761, 0.0, -4.494576995009081e-06]",4326,1024,1024,2017-09-20T17:46:11.000Z,train,1,0.002410888671875
mexico-earthquake_00000052,xBD,mexico-earthquake,earthquake,Earthquake,Low,Earthquake_Low,damaged_building_fraction,0.0199063231850117,854,17,12,5,0,train/images/mexico-earthquake_00000052_pre_disaster.png,train/images/mexico-earthquake_00000052_post_disaster.png,train/targets/mexico-earthquake_00000052_post_disaster_target.png,True,-99.14607805796189,19.324760754806,"[-99.14837927859135, 4.494571541927159e-06, 0.0, 19.327061975435466, 0.0, -4.494571541927159e-06]",4326,1024,1024,2017-09-20T17:46:11.000Z,test,-1,0.0108642578125
mexico-earthquake_00000053,xBD,mexico-earthquake,earthquake,Earthquake,Low,Earthquake_Low,damaged_building_fraction,0.029126213592233,412,12,12,0,0,train/images/mexico-earthquake_00000053_pre_disaster.png,train/images/mexico-earthquake_00000053_post_disaster.png,train/targets/mexico-earthquake_00000053_post_disaster_target.png,True,-99.14135770318232,19.32476441502863,"[-99.14365892100491, 4.494566059755678e-06, 0.0, 19.327065632851223, 0.0, -4.494566059755678e-06]",4326,1024,1024,2017-09-20T17:46:11.000Z,train,3,0.018585205078125
mexico-earthquake_00000055,xBD,mexico-earthquake,earthquake,Earthquake,Low,Earthquake_Low,damaged_building_fraction,0.0285714285714285,210,6,6,0,0,train/images/mexico-earthquake_00000055_pre_disaster.png,train/images/mexico-earthquake_00000055_post_disaster.png,train/targets/mexico-earthquake_00000055_post_disaster_target.png,True,-99.14131116634675,19.270991760738063,"[-99.14361199437558, 4.493804743807447e-06, 0.0, 19.273292588766893, 0.0, -4.493804743807447e-06]",4326,1024,1024,2017-09-20T17:46:11.000Z,train,2,0.006988525390625
mexico-earthquake_00000057,xBD,mexico-earthquake,earthquake,Earthquake,Low,Earthquake_Low,damaged_building_fraction,0.0029154518950437,343,1,1,0,0,train/images/mexico-earthquake_00000057_pre_disaster.png,train/images/mexico-earthquake_00000057_post_disaster.png,train/targets/mexico-earthquake_00000057_post_disaster_target.png,True,-99.16964260183448,19.288892267931665,"[-99.1719435761366, 4.4940904338445226e-06, 0.0, 19.291193242233792, 0.0, -4.4940904338445226e-06]",4326,1024,1024,2017-09-20T17:46:11.000Z,train,0,0.001953125
mexico-earthquake_00000059,xBD,mexico-earthquake,earthquake,Earthquake,Low,Earthquake_Low,damaged_building_fraction,0.0084985835694051,353,3,0,2,1,train/images/mexico-earthquake_00000059_pre_disaster.png,train/images/mexico-earthquake_00000059_post_disaster.png,train/targets/mexico-earthquake_00000059_post_disaster_target.png,True,-99.14605399858274,19.29787447289014,"[-99.14835502412835, 4.4941905187647714e-06, 0.0, 19.30017549843575, 0.0, -4.4941905187647714e-06]",4326,1024,1024,2017-09-20T17:46:11.000Z,train,3,0.009307861328125
mexico-earthquake_00000064,xBD,mexico-earthquake,earthquake,Earthquake,Low,Earthquake_Low,damaged_building_fraction,0.0,397,0,0,0,0,train/images/mexico-earthquake_00000064_pre_disaster.png,train/images/mexico-earthquake_00000064_post_disaster.png,train/targets/mexico-earthquake_00000064_post_disaster_target.png,True,-99.22630529477284,19.31123676925405,"[-99.228606463125, 4.494469437817179e-06, 0.0, 19.313537937606217, 0.0, -4.494469437817179e-06]",4326,1024,1024,2017-09-20T17:46:11.000Z,train,3,0.0
mexico-earthquake_00000066,xBD,mexico-earthquake,earthquake,Earthquake,Low,Earthquake_Low,damaged_building_fraction,0.0,26,0,0,0,0,train/images/mexico-earthquake_00000066_pre_disaster.png,train/images/mexico-earthquake_00000066_post_disaster.png,train/targets/mexico-earthquake_00000066_post_disaster_target.png,True,-99.22629323611076,19.390173388907755,"[-99.22859440738183, 4.494475138835605e-06, 0.0, 19.39247456017884, 0.0, -4.494475138835605e-06]",4326,1024,1024,2017-09-20T17:46:11.000Z,val,1,0.0
mexico-earthquake_00000067,xBD,mexico-earthquake,earthquake,Earthquake,Low,Earthquake_Low,damaged_building_fraction,0.0,311,0,0,0,0,train/images/mexico-earthquake_00000067_pre_disaster.png,train/images/mexico-earthquake_00000067_post_disaster.png,train/targets/mexico-earthquake_00000067_post_disaster_target.png,True,-99.21215707802682,19.320215658758723,"[-99.21445830381519, 4.494581617900631e-06, 0.0, 19.32251688454709, 0.0, -4.494581617900631e-06]",4326,1024,1024,2017-09-20T17:46:11.000Z,train,4,0.0
mexico-earthquake_00000068,xBD,mexico-earthquake,earthquake,Earthquake,Low,Earthquake_Low,damaged_building_fraction,0.0,209,0,0,0,0,train/images/mexico-earthquake_00000068_pre_disaster.png,train/images/mexico-earthquake_00000068_post_disaster.png,train/targets/mexico-earthquake_00000068_post_disaster_target.png,True,-99.21216870817032,19.329177707416427,"[-99.21446999911589, 4.494708878066202e-06, 0.0, 19.331478998361998, 0.0, -4.494708878066202e-06]",4326,1024,1024,2017-09-20T17:46:11.000Z,val,1,0.0
mexico-earthquake_00000070,xBD,mexico-earthquake,earthquake,Earthquake,Low,Earthquake_Low,damaged_building_fraction,0.0,127,0,0,0,0,train/images/mexico-earthquake_00000070_pre_disaster.png,train/images/mexico-earthquake_00000070_post_disaster.png,train/targets/mexico-earthquake_00000070_post_disaster_target.png,True,-99.22158534962738,19.31124250199567,"[-99.2238865154335, 4.494464465102996e-06, 0.0, 19.313543667801806, 0.0, -4.494464465102996e-06]",4326,1024,1024,2017-09-20T17:46:11.000Z,train,0,0.0
mexico-earthquake_00000072,xBD,mexico-earthquake,earthquake,Earthquake,Low,Earthquake_Low,damaged_building_fraction,0.0,58,0,0,0,0,train/images/mexico-earthquake_00000072_pre_disaster.png,train/images/mexico-earthquake_00000072_post_disaster.png,train/targets/mexico-earthquake_00000072_post_disaster_target.png,True,-99.1554761169458,19.27994257307612,"[-99.15777701814382, 4.493947652384737e-06, 0.0, 19.282243474274136, 0.0, -4.493947652384737e-06]",4326,1024,1024,2017-09-20T17:46:11.000Z,val,0,0.0
mexico-earthquake_00000074,xBD,mexico-earthquake,earthquake,Earthquake,Low,Earthquake_Low,damaged_building_fraction,0.0236486486486486,296,7,7,0,0,train/images/mexico-earthquake_00000074_pre_disaster.png,train/images/mexico-earthquake_00000074_post_disaster.png,train/targets/mexico-earthquake_00000074_post_disaster_target.png,True,-99.20743687069212,19.320221027966447,"[-99.20973809388467, 4.494576547907521e-06, 0.0, 19.322522251158976, 0.0, -4.494576547907521e-06]",4326,1024,1024,2017-09-20T17:46:11.000Z,train,0,0.007598876953125
mexico-earthquake_00000075,xBD,mexico-earthquake,earthquake,Earthquake,Low,Earthquake_Low,damaged_building_fraction,0.0454545454545454,44,2,2,0,0,train/images/mexico-earthquake_00000075_pre_disaster.png,train/images/mexico-earthquake_00000075_post_disaster.png,train/targets/mexico-earthquake_00000075_post_disaster_target.png,True,-99.15076531287578,19.28890858643508,"[-99.15306627624112, 4.494069072925074e-06, 0.0, 19.291209549800413, 0.0, -4.494069072925074e-06]",4326,1024,1024,2017-09-20T17:46:11.000Z,train,3,0.0018768310546875
mexico-earthquake_00000078,xBD,mexico-earthquake,earthquake,Earthquake,Low,Earthquake_Low,damaged_building_fraction,0.0,272,0,0,0,0,train/images/mexico-earthquake_00000078_pre_disaster.png,train/images/mexico-earthquake_00000078_post_disaster.png,train/targets/mexico-earthquake_00000078_post_disaster_target.png,True,-99.14129477491475,19.36785869673164,"[-99.143595734082, 4.494060873510083e-06, 0.0, 19.370159655898878, 0.0, -4.494060873510083e-06]",4326,1024,1024,2017-09-20T17:46:11.000Z,val,2,0.0
mexico-earthquake_00000079,xBD,mexico-earthquake,earthquake,Earthquake,Low,Earthquake_Low,damaged_building_fraction,0.0,178,0,0,0,0,train/images/mexico-earthquake_00000079_pre_disaster.png,train/images/mexico-earthquake_00000079_post_disaster.png,train/targets/mexico-earthquake_00000079_post_disaster_target.png,True,-99.2027277771228,19.329188329009312,"[-99.20502906285154, 4.494698688932748e-06, 0.0, 19.331489614738047, 0.0, -4.494698688932748e-06]",4326,1024,1024,2017-09-20T17:46:11.000Z,test,-1,0.0
mexico-earthquake_00000082,xBD,mexico-earthquake,earthquake,Earthquake,Low,Earthquake_Low,damaged_building_fraction,0.0137457044673539,291,4,4,0,0,train/images/mexico-earthquake_00000082_pre_disaster.png,train/images/mexico-earthquake_00000082_post_disaster.png,train/targets/mexico-earthquake_00000082_post_disaster_target.png,True,-99.14604598769068,19.28891236125373,"[-99.1483469482846, 4.494063660005126e-06, 0.0, 19.291213321847653, 0.0, -4.494063660005126e-06]",4326,1024,1024,2017-09-20T17:46:11.000Z,test,-1,0.0046539306640625
mexico-earthquake_00000083,xBD,mexico-earthquake,earthquake,Earthquake,Low,Earthquake_Low,damaged_building_fraction,0.0,908,0,0,0,0,train/images/mexico-earthquake_00000083_pre_disaster.png,train/images/mexico-earthquake_00000083_post_disaster.png,train/targets/mexico-earthquake_00000083_post_disaster_target.png,True,-99.22626836402188,19.372253874435465,"[-99.22856940452988, 4.494219742193114e-06, 0.0, 19.374554914943467, 0.0, -4.494219742193114e-06]",4326,1024,1024,2017-09-20T17:46:11.000Z,train,0,0.0
mexico-earthquake_00000084,xBD,mexico-earthquake,earthquake,Earthquake,Low,Earthquake_Low,damaged_building_fraction,0.0227272727272727,176,4,3,1,0,train/images/mexico-earthquake_00000084_pre_disaster.png,train/images/mexico-earthquake_00000084_post_disaster.png,train/targets/mexico-earthquake_00000084_post_disaster_target.png,True,-99.2121222263046,19.29332945974746,"[-99.21442325685071, 4.494200285343666e-06, 0.0, 19.295630490293558, 0.0, -4.494200285343666e-06]",4326,1024,1024,2017-09-20T17:46:11.000Z,train,3,0.00439453125
mexico-earthquake_00000085,xBD,mexico-earthquake,earthquake,Earthquake,Low,Earthquake_Low,damaged_building_fraction,0.0131147540983606,305,4,1,3,0,train/images/mexico-earthquake_00000085_pre_disaster.png,train/images/mexico-earthquake_00000085_post_disaster.png,train/targets/mexico-earthquake_00000085_post_disaster_target.png,True,-99.14603798124725,19.279950240790846,"[-99.14833887692758, 4.4939368756710325e-06, 0.0, 19.28225113647119, 0.0, -4.4939368756710325e-06]",4326,1024,1024,2017-09-20T17:46:11.000Z,train,3,0.0122528076171875
mexico-earthquake_00000086,xBD,mexico-earthquake,earthquake,Earthquake,Low,Earthquake_Low,damaged_building_fraction,0.0047846889952153,209,1,1,0,0,train/images/mexico-earthquake_00000086_pre_disaster.png,train/images/mexico-earthquake_00000086_post_disaster.png,train/targets/mexico-earthquake_00000086_post_disaster_target.png,True,-99.19800730927608,19.32919345651184,"[-99.20030859237406, 4.49469355074239e-06, 0.0, 19.331494739609823, 0.0, -4.49469355074239e-06]",4326,1024,1024,2017-09-20T17:46:11.000Z,train,3,0.0038909912109375
mexico-earthquake_00000087,xBD,mexico-earthquake,earthquake,Earthquake,Low,Earthquake_Low,damaged_building_fraction,0.0,195,0,0,0,0,train/images/mexico-earthquake_00000087_pre_disaster.png,train/images/mexico-earthquake_00000087_post_disaster.png,train/targets/mexico-earthquake_00000087_post_disaster_target.png,True,-99.14132666139876,19.28891601414925,"[-99.1436276192064, 4.494058218024583e-06, 0.0, 19.291216971956878, 0.0, -4.494058218024583e-06]",4326,1024,1024,2017-09-20T17:46:11.000Z,train,2,0.0
mexico-earthquake_00000088,xBD,mexico-earthquake,earthquake,Earthquake,Low,Earthquake_Low,damaged_building_fraction,0.0070422535211267,284,2,1,1,0,train/images/mexico-earthquake_00000088_pre_disaster.png,train/images/mexico-earthquake_00000088_post_disaster.png,train/targets/mexico-earthquake_00000088_post_disaster_target.png,True,-99.19799645134226,19.320231399977345,"[-99.20029766929845, 4.494566320679383e-06, 0.0, 19.322532617933533, 0.0, -4.494566320679383e-06]",4326,1024,1024,2017-09-20T17:46:11.000Z,train,2,0.001922607421875
mexico-earthquake_00000089,xBD,mexico-earthquake,earthquake,Earthquake,Low,Earthquake_Low,damaged_building_fraction,0.0,340,0,0,0,0,train/images/mexico-earthquake_00000089_pre_disaster.png,train/images/mexico-earthquake_00000089_post_disaster.png,train/targets/mexico-earthquake_00000089_post_disaster_target.png,True,-99.20742550426108,19.31125896778041,"[-99.20972666233976, 4.494449372434435e-06, 0.0, 19.3135601258591, 0.0, -4.494449372434435e-06]",4326,1024,1024,2017-09-20T17:46:11.000Z,val,3,0.0
mexico-earthquake_00000092,xBD,mexico-earthquake,earthquake,Earthquake,Low,Earthquake_Low,damaged_building_fraction,0.0350877192982456,342,12,12,0,0,train/images/mexico-earthquake_00000092_pre_disaster.png,train/images/mexico-earthquake_00000092_post_disaster.png,train/targets/mexico-earthquake_00000092_post_disaster_target.png,True,-99.14131891172032,19.27995389185508,"[-99.14361980461952, 4.493931443712386e-06, 0.0, 19.282254784754258, 0.0, -4.493931443712386e-06]",4326,1024,1024,2017-09-20T17:46:11.000Z,test,-1,0.01080322265625
mexico-earthquake_00000093,xBD,mexico-earthquake,earthquake,Earthquake,Low,Earthquake_Low,damaged_building_fraction,0.0,90,0,0,0,0,train/images/mexico-earthquake_00000093_pre_disaster.png,train/images/mexico-earthquake_00000093_post_disaster.png,train/targets/mexico-earthquake_00000093_post_disaster_target.png,True,-99.20740279032144,19.29333482089702,"[-99.20970381828708, 4.494195245384336e-06, 0.0, 19.295635848862656, 0.0, -4.494195245384336e-06]",4326,1024,1024,2017-09-20T17:46:11.000Z,train,3,0.0
mexico-earthquake_00000096,xBD,mexico-earthquake,earthquake,Earthquake,Low,Earthquake_Low,damaged_building_fraction,0.0,3,0,0,0,0,train/images/mexico-earthquake_00000096_pre_disaster.png,train/images/mexico-earthquake_00000096_post_disaster.png,train/targets/mexico-earthquake_00000096_post_disaster_target.png,True,-99.19321275967027,19.26646386301421,"[-99.19551358496804, 4.493799409691908e-06, 0.0, 19.26876468831197, 0.0, -4.493799409691908e-06]",4326,1024,1024,2017-09-20T17:46:11.000Z,val,0,0.0
mexico-earthquake_00000098,xBD,mexico-earthquake,earthquake,Earthquake,Low,Earthquake_Low,damaged_building_fraction,0.0,208,0,0,0,0,train/images/mexico-earthquake_00000098_pre_disaster.png,train/images/mexico-earthquake_00000098_post_disaster.png,train/targets/mexico-earthquake_00000098_post_disaster_target.png,True,-99.20269444960924,19.302302140578696,"[-99.20499554001182, 4.494317192563949e-06, 0.0, 19.30460323098129, 0.0, -4.494317192563949e-06]",4326,1024,1024,2017-09-20T17:46:11.000Z,train,3,0.0
mexico-earthquake_00000100,xBD,mexico-earthquake,earthquake,Earthquake,Low,Earthquake_Low,damaged_building_fraction,0.0,462,0,0,0,0,train/images/mexico-earthquake_00000100_pre_disaster.png,train/images/mexico-earthquake_00000100_post_disaster.png,train/targets/mexico-earthquake_00000100_post_disaster_target.png,True,-99.22154897541007,19.28435629314283,"[-99.22384994605787, 4.494083296458279e-06, 0.0, 19.28665726379062, 0.0, -4.494083296458279e-06]",4326,1024,1024,2017-09-20T17:46:11.000Z,train,1,0.0
mexico-earthquake_00000101,xBD,mexico-earthquake,earthquake,Earthquake,Low,Earthquake_Low,damaged_building_fraction,0.0,112,0,0,0,0,train/images/mexico-earthquake_00000101_pre_disaster.png,train/images/mexico-earthquake_00000101_post_disaster.png,train/targets/mexico-earthquake_00000101_post_disaster_target.png,True,-99.19798559943234,19.311269334601707,"[-99.20028675228495, 4.4944391652481106e-06, 0.0, 19.313570487454314, 0.0, -4.4944391652481106e-06]",4326,1024,1024,2017-09-20T17:46:11.000Z,train,4,0.0
mexico-earthquake_00000102,xBD,mexico-earthquake,earthquake,Earthquake,Low,Earthquake_Low,damaged_building_fraction,0.0,138,0,0,0,0,train/images/mexico-earthquake_00000102_pre_disaster.png,train/images/mexico-earthquake_00000102_post_disaster.png,train/targets/mexico-earthquake_00000102_post_disaster_target.png,True,-99.19797475354484,19.302307260388357,"[-99.20027584133206, 4.494312084446006e-06, 0.0, 19.30460834817559, 0.0, -4.494312084446006e-06]",4326,1024,1024,2017-09-20T17:46:11.000Z,train,3,0.0
mexico-earthquake_00000103,xBD,mexico-earthquake,earthquake,Earthquake,Low,Earthquake_Low,damaged_building_fraction,0.0,63,0,0,0,0,train/images/mexico-earthquake_00000103_pre_disaster.png,train/images/mexico-earthquake_00000103_post_disaster.png,train/targets/mexico-earthquake_00000103_post_disaster_target.png,True,-99.18384589687268,19.32920810584184,"[-99.18614717198903, 4.494677961635417e-06, 0.0, 19.33150938095819, 0.0, -4.494677961635417e-06]",4326,1024,1024,2017-09-20T17:46:11.000Z,train,0,0.0
mexico-earthquake_00000104,xBD,mexico-earthquake,earthquake,Earthquake,Low,Earthquake_Low,damaged_building_fraction,0.0,99,0,0,0,0,train/images/mexico-earthquake_00000104_pre_disaster.png,train/images/mexico-earthquake_00000104_post_disaster.png,train/targets/mexico-earthquake_00000104_post_disaster_target.png,True,-99.19326564474972,19.311274334901285,"[-99.19556679496696, 4.494434018033884e-06, 0.0, 19.313575485118516, 0.0, -4.494434018033884e-06]",4326,1024,1024,2017-09-20T17:46:11.000Z,train,4,0.0
mexico-earthquake_00000105,xBD,mexico-earthquake,earthquake,Earthquake,Low,Earthquake_Low,damaged_building_fraction,0.0,146,0,0,0,0,train/images/mexico-earthquake_00000105_pre_disaster.png,train/images/mexico-earthquake_00000105_post_disaster.png,train/targets/mexico-earthquake_00000105_post_disaster_target.png,True,-99.19325505598054,19.302312258184937,"[-99.19555614113754, 4.494306947253683e-06, 0.0, 19.30461334334193, 0.0, -4.494306947253683e-06]",4326,1024,1024,2017-09-20T17:46:11.000Z,train,4,0.0
mexico-earthquake_00000107,xBD,mexico-earthquake,earthquake,Earthquake,Low,Earthquake_Low,damaged_building_fraction,0.0,579,0,0,0,0,train/images/mexico-earthquake_00000107_pre_disaster.png,train/images/mexico-earthquake_00000107_post_disaster.png,train/targets/mexico-earthquake_00000107_post_disaster_target.png,True,-99.20738624974744,19.37227613080368,"[-99.20968727984553, 4.494199410323527e-06, 0.0, 19.374577160901765, 0.0, -4.494199410323527e-06]",4326,1024,1024,2017-09-20T17:46:11.000Z,train,3,0.0
mexico-earthquake_00000108,xBD,mexico-earthquake,earthquake,Earthquake,Low,Earthquake_Low,damaged_building_fraction,0.0349650349650349,143,5,4,1,0,train/images/mexico-earthquake_00000108_pre_disaster.png,train/images/mexico-earthquake_00000108_post_disaster.png,train/targets/mexico-earthquake_00000108_post_disaster_target.png,True,-99.17905673948142,19.266478095760004,"[-99.18135755686053, 4.493783943580116e-06, 0.0, 19.268778913139116, 0.0, -4.493783943580116e-06]",4326,1024,1024,2017-09-20T17:46:11.000Z,test,-1,0.001617431640625
mexico-earthquake_00000110,xBD,mexico-earthquake,earthquake,Earthquake,Low,Earthquake_Low,damaged_building_fraction,0.0,57,0,0,0,0,train/images/mexico-earthquake_00000110_pre_disaster.png,train/images/mexico-earthquake_00000110_post_disaster.png,train/targets/mexico-earthquake_00000110_post_disaster_target.png,True,-99.18854568860256,19.31127921312659,"[-99.19084683616954, 4.4944288417362245e-06, 0.0, 19.313580360693557, 0.0, -4.4944288417362245e-06]",4326,1024,1024,2017-09-20T17:46:11.000Z,train,4,0.0
mexico-earthquake_00000111,xBD,mexico-earthquake,earthquake,Earthquake,Low,Earthquake_Low,damaged_building_fraction,0.0,124,0,0,0,0,train/images/mexico-earthquake_00000111_pre_disaster.png,train/images/mexico-earthquake_00000111_post_disaster.png,train/targets/mexico-earthquake_00000111_post_disaster_target.png,True,-99.18852503103692,19.293355045976227,"[-99.19082604853185, 4.494174794776052e-06, 0.0, 19.295656063471153, 0.0, -4.494174794776052e-06]",4326,1024,1024,2017-09-20T17:46:11.000Z,train,2,0.0
mexico-earthquake_00000112,xBD,mexico-earthquake,earthquake,Earthquake,Low,Earthquake_Low,damaged_building_fraction,0.0,775,0,0,0,0,train/images/mexico-earthquake_00000112_pre_disaster.png,train/images/mexico-earthquake_00000112_post_disaster.png,train/targets/mexico-earthquake_00000112_post_disaster_target.png,True,-99.18851447807062,19.38125621122252,"[-99.19081556284164, 4.494306193384747e-06, 0.0, 19.38355729599353, 0.0, -4.494306193384747e-06]",4326,1024,1024,2017-09-20T17:46:11.000Z,test,-1,0.0
mexico-earthquake_00000114,xBD,mexico-earthquake,earthquake,Earthquake,Low,Earthquake_Low,damaged_building_fraction,0.0,22,0,0,0,0,train/images/mexico-earthquake_00000114_pre_disaster.png,train/images/mexico-earthquake_00000114_post_disaster.png,train/targets/mexico-earthquake_00000114_post_disaster_target.png,True,-99.18382573102656,19.311283969277472,"[-99.18612687592838, 4.494423636363168e-06, 0.0, 19.31358511417929, 0.0, -4.494423636363168e-06]",4326,1024,1024,2017-09-20T17:46:11.000Z,train,1,0.0
mexico-earthquake_00000115,xBD,mexico-earthquake,earthquake,Earthquake,Low,Earthquake_Low,damaged_building_fraction,0.0,344,0,0,0,0,train/images/mexico-earthquake_00000115_pre_disaster.png,train/images/mexico-earthquake_00000115_post_disaster.png,train/targets/mexico-earthquake_00000115_post_disaster_target.png,True,-99.19793430508388,19.36332673759776,"[-99.20023526459453, 4.494061544248789e-06, 0.0, 19.365627697108412, 0.0, -4.494061544248789e-06]",4326,1024,1024,2017-09-20T17:46:11.000Z,train,2,0.0
mexico-earthquake_00000118,xBD,mexico-earthquake,earthquake,Earthquake,Low,Earthquake_Low,damaged_building_fraction,0.0,279,0,0,0,0,train/images/mexico-earthquake_00000118_pre_disaster.png,train/images/mexico-earthquake_00000118_post_disaster.png,train/targets/mexico-earthquake_00000118_post_disaster_target.png,True,-99.17907288341638,19.381265630103872,"[-99.18137396276366, 4.494295600148024e-06, 0.0, 19.38356670945115, 0.0, -4.494295600148024e-06]",4326,1024,1024,2017-09-20T17:46:11.000Z,val,4,0.0
mexico-earthquake_00000119,xBD,mexico-earthquake,earthquake,Earthquake,Low,Earthquake_Low,damaged_building_fraction,0.0185185185185185,54,1,1,0,0,train/images/mexico-earthquake_00000119_pre_disaster.png,train/images/mexico-earthquake_00000119_post_disaster.png,train/targets/mexico-earthquake_00000119_post_disaster_target.png,True,-99.19794225200164,19.275420984756607,"[-99.20024314482185, 4.493931289494424e-06, 0.0, 19.277721877576827, 0.0, -4.493931289494424e-06]",4326,1024,1024,2017-09-20T17:46:11.000Z,train,1,0.000335693359375
mexico-earthquake_00000120,xBD,mexico-earthquake,earthquake,Earthquake,Low,Earthquake_Low,damaged_building_fraction,0.0,248,0,0,0,0,train/images/mexico-earthquake_00000120_pre_disaster.png,train/images/mexico-earthquake_00000120_post_disaster.png,train/targets/mexico-earthquake_00000120_post_disaster_target.png,True,-99.17908274041896,19.3902254088511,"[-99.1813838851152, 4.494423234833596e-06, 0.0, 19.392526553547338, 0.0, -4.494423234833596e-06]",4326,1024,1024,2017-09-20T17:46:11.000Z,train,3,0.0
mexico-earthquake_00000122,xBD,mexico-earthquake,earthquake,Earthquake,Low,Earthquake_Low,damaged_building_fraction,0.0,524,0,0,0,0,train/images/mexico-earthquake_00000122_pre_disaster.png,train/images/mexico-earthquake_00000122_post_disaster.png,train/targets/mexico-earthquake_00000122_post_disaster_target.png,True,-99.19323389607504,19.28438807825375,"[-99.1955348512261, 4.4940530293971344e-06, 0.0, 19.286689033404798, 0.0, -4.4940530293971344e-06]",4326,1024,1024,2017-09-20T17:46:11.000Z,train,2,0.0
mexico-earthquake_00000125,xBD,mexico-earthquake,earthquake,Earthquake,Low,Earthquake_Low,damaged_building_fraction,0.0,509,0,0,0,0,train/images/mexico-earthquake_00000125_pre_disaster.png,train/images/mexico-earthquake_00000125_post_disaster.png,train/targets/mexico-earthquake_00000125_post_disaster_target.png,True,-99.15546334586077,19.266499381607257,"[-99.1577641497445, 4.493757585410214e-06, 0.0, 19.26880018549099, 0.0, -4.493757585410214e-06]",4326,1024,1024,2017-09-20T17:46:11.000Z,val,3,0.0
mexico-earthquake_00000126,xBD,mexico-earthquake,earthquake,Earthquake,Low,Earthquake_Low,damaged_building_fraction,0.0,276,0,0,0,0,train/images/mexico-earthquake_00000126_pre_disaster.png,train/images/mexico-earthquake_00000126_post_disaster.png,train/targets/mexico-earthquake_00000126_post_disaster_target.png,True,-99.16492780006595,19.2933775833954,"[-99.16722880413757, 4.494148577340461e-06, 0.0, 19.295678587467, 0.0, -4.494148577340461e-06]",4326,1024,1024,2017-09-20T17:46:11.000Z,test,-1,0.0
mexico-earthquake_00000127,xBD,mexico-earthquake,earthquake,Earthquake,Low,Earthquake_Low,damaged_building_fraction,0.0,270,0,0,0,0,train/images/mexico-earthquake_00000127_pre_disaster.png,train/images/mexico-earthquake_00000127_post_disaster.png,train/targets/mexico-earthquake_00000127_post_disaster_target.png,True,-99.18379552420852,19.28439769816268,"[-99.18609647407492, 4.4940427077932266e-06, 0.0, 19.28669864802907, 0.0, -4.4940427077932266e-06]",4326,1024,1024,2017-09-20T17:46:11.000Z,val,4,0.0
mexico-earthquake_00000128,xBD,mexico-earthquake,earthquake,Earthquake,Low,Earthquake_Low,damaged_building_fraction,0.0112359550561797,267,3,3,0,0,train/images/mexico-earthquake_00000128_pre_disaster.png,train/images/mexico-earthquake_00000128_post_disaster.png,train/targets/mexico-earthquake_00000128_post_disaster_target.png,True,-99.17907633616927,19.284402325279924,"[-99.181377283371, 4.494037503374907e-06, 0.0, 19.286703272481653, 0.0, -4.494037503374907e-06]",4326,1024,1024,2017-09-20T17:46:11.000Z,train,0,0.0055694580078125
mexico-earthquake_00000129,xBD,mexico-earthquake,earthquake,Earthquake,Low,Earthquake_Low,damaged_building_fraction,0.0,274,0,0,0,0,train/images/mexico-earthquake_00000129_pre_disaster.png,train/images/mexico-earthquake_00000129_post_disaster.png,train/targets/mexico-earthquake_00000129_post_disaster_target.png,True,-99.16492865086305,19.39919840156444,"[-99.16722985266813, 4.494534775562597e-06, 0.0, 19.40149960336953, 0.0, -4.494534775562597e-06]",4326,1024,1024,2017-09-20T17:46:11.000Z,val,1,0.0
mexico-earthquake_00000132,xBD,mexico-earthquake,earthquake,Earthquake,Low,Earthquake_Low,damaged_building_fraction,0.0,111,0,0,0,0,train/images/mexico-earthquake_00000132_pre_disaster.png,train/images/mexico-earthquake_00000132_post_disaster.png,train/targets/mexico-earthquake_00000132_post_disaster_target.png,True,-99.15549742575408,19.30234784806788,"[-99.15779848933316, 4.494264802908758e-06, 0.0, 19.304648911646968, 0.0, -4.494264802908758e-06]",4326,1024,1024,2017-09-20T17:46:11.000Z,test,-1,0.0
mexico-earthquake_00000136,xBD,mexico-earthquake,earthquake,Earthquake,Low,Earthquake_Low,damaged_building_fraction,0.0,113,0,0,0,0,train/images/mexico-earthquake_00000136_pre_disaster.png,train/images/mexico-earthquake_00000136_post_disaster.png,train/targets/mexico-earthquake_00000136_post_disaster_target.png,True,-99.1696126178332,19.36335496604418,"[-99.1719135611347, 4.494029885726138e-06, 0.0, 19.365655909345673, 0.0, -4.494029885726138e-06]",4326,1024,1024,2017-09-20T17:46:11.000Z,test,-1,0.0
mexico-earthquake_00000138,xBD,mexico-earthquake,earthquake,Earthquake,Low,Earthquake_Low,damaged_building_fraction,0.0,657,0,0,0,0,train/images/mexico-earthquake_00000138_pre_disaster.png,train/images/mexico-earthquake_00000138_post_disaster.png,train/targets/mexico-earthquake_00000138_post_disaster_target.png,True,-99.16963795605724,19.28441121383918,"[-99.171938897885, 4.494027007352442e-06, 0.0, 19.286712155666947, 0.0, -4.494027007352442e-06]",4326,1024,1024,2017-09-20T17:46:11.000Z,val,0,0.0
mexico-earthquake_00000140,xBD,mexico-earthquake,earthquake,Earthquake,Low,Earthquake_Low,damaged_building_fraction,0.0,719,0,0,0,0,train/images/mexico-earthquake_00000140_pre_disaster.png,train/images/mexico-earthquake_00000140_post_disaster.png,train/targets/mexico-earthquake_00000140_post_disaster_target.png,True,-99.22623731263108,19.349854431519358,"[-99.22853818990063, 4.493900917084884e-06, 0.0, 19.352155308788902, 0.0, -4.493900917084884e-06]",4326,1024,1024,2017-09-20T17:46:11.000Z,val,1,0.0
mexico-earthquake_00000141,xBD,mexico-earthquake,earthquake,Earthquake,Low,Earthquake_Low,damaged_building_fraction,0.0,58,0,0,0,0,train/images/mexico-earthquake_00000141_pre_disaster.png,train/images/mexico-earthquake_00000141_post_disaster.png,train/targets/mexico-earthquake_00000141_post_disaster_target.png,True,-99.22623724261707,19.261945341431584,"[-99.22853805341346, 4.493771086699606e-06, 0.0, 19.264246152227976, 0.0, -4.493771086699606e-06]",4326,1024,1024,2017-09-20T17:46:11.000Z,train,1,0.0
mexico-earthquake_00000142,xBD,mexico-earthquake,earthquake,Earthquake,Low,Earthquake_Low,damaged_building_fraction,0.0180722891566265,166,3,1,1,1,train/images/mexico-earthquake_00000142_pre_disaster.png,train/images/mexico-earthquake_00000142_post_disaster.png,train/targets/mexico-earthquake_00000142_post_disaster_target.png,True,-99.14605800569736,19.30235552539734,"[-99.14835906373311, 4.4942539760777596e-06, 0.0, 19.30465658343309, 0.0, -4.4942539760777596e-06]",4326,1024,1024,2017-09-20T17:46:11.000Z,val,2,0.00225830078125
mexico-earthquake_00000143,xBD,mexico-earthquake,earthquake,Earthquake,Low,Earthquake_Low,damaged_building_fraction,0.0,515,0,0,0,0,train/images/mexico-earthquake_00000143_pre_disaster.png,train/images/mexico-earthquake_00000143_post_disaster.png,train/targets/mexico-earthquake_00000143_post_disaster_target.png,True,-99.14604999258056,19.293393418175462,"[-99.14835098564555, 4.494127080070748e-06, 0.0, 19.29569441124046, 0.0, -4.494127080070748e-06]",4326,1024,1024,2017-09-20T17:46:11.000Z,test,-1,0.0
mexico-earthquake_00000144,xBD,mexico-earthquake,earthquake,Earthquake,Low,Earthquake_Low,damaged_building_fraction,0.0,362,0,0,0,0,train/images/mexico-earthquake_00000144_pre_disaster.png,train/images/mexico-earthquake_00000144_post_disaster.png,train/targets/mexico-earthquake_00000144_post_disaster_target.png,True,-99.16018085897578,19.372323201706067,"[-99.16248186200693, 4.4941465452089085e-06, 0.0, 19.374624204737213, 0.0, -4.4941465452089085e-06]",4326,1024,1024,2017-09-20T17:46:11.000Z,train,4,0.0
mexico-earthquake_00000146,xBD,mexico-earthquake,earthquake,Earthquake,Low,Earthquake_Low,damaged_building_fraction,0.0100671140939597,298,3,2,1,0,train/images/mexico-earthquake_00000146_pre_disaster.png,train/images/mexico-earthquake_00000146_post_disaster.png,train/targets/mexico-earthquake_00000146_post_disaster_target.png,True,-99.14134605443554,19.311321281262156,"[-99.14364717468102, 4.494375479460254e-06, 0.0, 19.313622401507637, 0.0, -4.494375479460254e-06]",4326,1024,1024,2017-09-20T17:46:11.000Z,train,1,0.01123046875
mexico-earthquake_00000148,xBD,mexico-earthquake,earthquake,Earthquake,Low,Earthquake_Low,damaged_building_fraction,0.0,13,0,0,0,0,train/images/mexico-earthquake_00000148_pre_disaster.png,train/images/mexico-earthquake_00000148_post_disaster.png,train/targets/mexico-earthquake_00000148_post_disaster_target.png,True,-99.2215066153901,19.252988949060203,"[-99.22380735878761, 4.4936394482639715e-06, 0.0, 19.255289692457715, 0.0, -4.4936394482639715e-06]",4326,1024,1024,2017-09-20T17:46:11.000Z,train,2,0.0
mexico-earthquake_00000150,xBD,mexico-earthquake,earthquake,Earthquake,Low,Earthquake_Low,damaged_building_fraction,0.0,26,0,0,0,0,train/images/mexico-earthquake_00000150_pre_disaster.png,train/images/mexico-earthquake_00000150_post_disaster.png,train/targets/mexico-earthquake_00000150_post_disaster_target.png,True,-99.15076118069784,19.284427528252905,"[-99.15306211159906, 4.494005666432736e-06, 0.0, 19.286728459154116, 0.0, -4.494005666432736e-06]",4326,1024,1024,2017-09-20T17:46:11.000Z,train,0,0.0
mexico-earthquake_00000151,xBD,mexico-earthquake,earthquake,Earthquake,Low,Earthquake_Low,damaged_building_fraction,0.0166112956810631,301,5,5,0,0,train/images/mexico-earthquake_00000151_pre_disaster.png,train/images/mexico-earthquake_00000151_post_disaster.png,train/targets/mexico-earthquake_00000151_post_disaster_target.png,True,-99.15075291978496,19.27546540527025,"[-99.15305378578653, 4.4938789093138426e-06, 0.0, 19.27776627127182, 0.0, -4.4938789093138426e-06]",4326,1024,1024,2017-09-20T17:46:11.000Z,train,0,0.009552001953125
mexico-earthquake_00000152,xBD,mexico-earthquake,earthquake,Earthquake,Low,Earthquake_Low,damaged_building_fraction,0.0,25,0,0,0,0,train/images/mexico-earthquake_00000152_pre_disaster.png,train/images/mexico-earthquake_00000152_post_disaster.png,train/targets/mexico-earthquake_00000152_post_disaster_target.png,True,-99.19792602153788,19.26197781715421,"[-99.2002268170034, 4.493741143578873e-06, 0.0, 19.264278612619723, 0.0, -4.493741143578873e-06]",4326,1024,1024,2017-09-20T17:46:11.000Z,train,0,0.0
mexico-earthquake_00000153,xBD,mexico-earthquake,earthquake,Earthquake,Low,Earthquake_Low,damaged_building_fraction,0.0,215,0,0,0,0,train/images/mexico-earthquake_00000153_pre_disaster.png,train/images/mexico-earthquake_00000153_post_disaster.png,train/targets/mexico-earthquake_00000153_post_disaster_target.png,True,-99.1413150384955,19.275472827399213,"[-99.14361589895475, 4.493868084467905e-06, 0.0, 19.27777368785846, 0.0, -4.493868084467905e-06]",4326,1024,1024,2017-09-20T17:46:11.000Z,test,-1,0.0
mexico-earthquake_00000154,xBD,mexico-earthquake,earthquake,Earthquake,Low,Earthquake_Low,damaged_building_fraction,0.0,450,0,0,0,0,train/images/mexico-earthquake_00000154_pre_disaster.png,train/images/mexico-earthquake_00000154_post_disaster.png,train/targets/mexico-earthquake_00000154_post_disaster_target.png,True,-99.21206602757464,19.34091148530938,"[-99.21436683188475, 4.4937584181531205e-06, 0.0, 19.343212289619476, 0.0, -4.4937584181531205e-06]",4326,1024,1024,2017-09-20T17:46:11.000Z,test,-1,0.0
mexico-earthquake_00000155,xBD,mexico-earthquake,earthquake,Earthquake,Low,Earthquake_Low,damaged_building_fraction,0.0,2,0,0,0,0,train/images/mexico-earthquake_00000155_pre_disaster.png,train/images/mexico-earthquake_00000155_post_disaster.png,train/targets/mexico-earthquake_00000155_post_disaster_target.png,True,-99.19320747923972,19.261982803690625,"[-99.195508272098, 4.493736051326021e-06, 0.0, 19.264283596548903, 0.0, -4.493736051326021e-06]",4326,1024,1024,2017-09-20T17:46:11.000Z,train,1,0.0
mexico-earthquake_00000158,xBD,mexico-earthquake,earthquake,Earthquake,Low,Earthquake_Low,damaged_building_fraction,0.0,317,0,0,0,0,train/images/mexico-earthquake_00000158_pre_disaster.png,train/images/mexico-earthquake_00000158_post_disaster.png,train/targets/mexico-earthquake_00000158_post_disaster_target.png,True,-99.1790518437126,19.2619970328668,"[-99.18135262865988, 4.49372060017787e-06, 0.0, 19.264297817814093, 0.0, -4.49372060017787e-06]",4326,1024,1024,2017-09-20T17:46:11.000Z,test,-1,0.0
mexico-earthquake_00000159,xBD,mexico-earthquake,earthquake,Earthquake,Low,Earthquake_Low,damaged_building_fraction,0.0,136,0,0,0,0,train/images/mexico-earthquake_00000159_pre_disaster.png,train/images/mexico-earthquake_00000159_post_disaster.png,train/targets/mexico-earthquake_00000159_post_disaster_target.png,True,-99.18376034650176,19.25303028146641,"[-99.18606106926076, 4.493599138667277e-06, 0.0, 19.25533100422541, 0.0, -4.493599138667277e-06]",4326,1024,1024,2017-09-20T17:46:11.000Z,test,-1,0.0
mexico-earthquake_00000160,xBD,mexico-earthquake,earthquake,Earthquake,Low,Earthquake_Low,damaged_building_fraction,0.0,188,0,0,0,0,train/images/mexico-earthquake_00000160_pre_disaster.png,train/images/mexico-earthquake_00000160_post_disaster.png,train/targets/mexico-earthquake_00000160_post_disaster_target.png,True,-99.1743332957782,19.26200153244734,"[-99.17663407805874, 4.49371539165163e-06, 0.0, 19.264302314727864, 0.0, -4.49371539165163e-06]",4326,1024,1024,2017-09-20T17:46:11.000Z,train,3,0.0
mexico-earthquake_00000164,xBD,mexico-earthquake,earthquake,Earthquake,Low,Earthquake_Low,damaged_building_fraction,0.0,19,0,0,0,0,train/images/mexico-earthquake_00000164_pre_disaster.png,train/images/mexico-earthquake_00000164_post_disaster.png,train/targets/mexico-earthquake_00000164_post_disaster_target.png,True,-99.1554590911982,19.262018313374597,"[-99.15775986266287, 4.4936942669497925e-06, 0.0, 19.264319084839272, 0.0, -4.4936942669497925e-06]",4326,1024,1024,2017-09-20T17:46:11.000Z,train,4,0.0
mexico-earthquake_00000166,xBD,mexico-earthquake,earthquake,Earthquake,Low,Earthquake_Low,damaged_building_fraction,0.0,7,0,0,0,0,train/images/mexico-earthquake_00000166_pre_disaster.png,train/images/mexico-earthquake_00000166_post_disaster.png,train/targets/mexico-earthquake_00000166_post_disaster_target.png,True,-99.15073228757994,19.253060059227032,"[-99.15303299149903, 4.493562341984322e-06, 0.0, 19.25536076314613, 0.0, -4.493562341984322e-06]",4326,1024,1024,2017-09-20T17:46:11.000Z,test,-1,0.0
mexico-earthquake_00000168,xBD,mexico-earthquake,earthquake,Earthquake,Low,Earthquake_Low,damaged_building_fraction,0.0,26,0,0,0,0,train/images/mexico-earthquake_00000168_pre_disaster.png,train/images/mexico-earthquake_00000168_post_disaster.png,train/targets/mexico-earthquake_00000168_post_disaster_target.png,True,-99.14602198170186,19.262025973399407,"[-99.14832274766934, 4.4936835302316026e-06, 0.0, 19.264326739366886, 0.0, -4.4936835302316026e-06]",4326,1024,1024,2017-09-20T17:46:11.000Z,test,-1,0.0
mexico-earthquake_00000171,xBD,mexico-earthquake,earthquake,Earthquake,Low,Earthquake_Low,damaged_building_fraction,0.0,407,0,0,0,0,train/images/mexico-earthquake_00000171_pre_disaster.png,train/images/mexico-earthquake_00000171_post_disaster.png,train/targets/mexico-earthquake_00000171_post_disaster_target.png,True,-99.14599109472871,19.34097555842886,"[-99.14829186118962, 4.493684493939373e-06, 0.0, 19.343276324889757, 0.0, -4.493684493939373e-06]",4326,1024,1024,2017-09-20T17:46:11.000Z,train,1,0.0
mexico-earthquake_00000172,xBD,mexico-earthquake,earthquake,Earthquake,Low,Earthquake_Low,damaged_building_fraction,0.0,14,0,0,0,0,train/images/mexico-earthquake_00000172_pre_disaster.png,train/images/mexico-earthquake_00000172_post_disaster.png,train/targets/mexico-earthquake_00000172_post_disaster_target.png,True,-99.21678242067902,19.24851348210343,"[-99.2190831291252, 4.493571183915124e-06, 0.0, 19.250814190549594, 0.0, -4.493571183915124e-06]",4326,1024,1024,2017-09-20T17:46:11.000Z,test,-1,0.0
mexico-earthquake_00000173,xBD,mexico-earthquake,earthquake,Earthquake,Low,Earthquake_Low,damaged_building_fraction,0.0,684,0,0,0,0,train/images/mexico-earthquake_00000173_pre_disaster.png,train/images/mexico-earthquake_00000173_post_disaster.png,train/targets/mexico-earthquake_00000173_post_disaster_target.png,True,-99.21207184462024,19.34539138695334,"[-99.21437268153207, 4.493822093381309e-06, 0.0, 19.347692223865153, 0.0, -4.493822093381309e-06]",4326,1024,1024,2017-09-20T17:46:11.000Z,train,1,0.0
mexico-earthquake_00000176,xBD,mexico-earthquake,earthquake,Earthquake,Low,Earthquake_Low,damaged_building_fraction,0.0,8,0,0,0,0,train/images/mexico-earthquake_00000176_pre_disaster.png,train/images/mexico-earthquake_00000176_post_disaster.png,train/targets/mexico-earthquake_00000176_post_disaster_target.png,True,-99.19319164675456,19.24853961249392,"[-99.19549234235157, 4.493546087930577e-06, 0.0, 19.25084030809094, 0.0, -4.493546087930577e-06]",4326,1024,1024,2017-09-20T17:46:11.000Z,train,1,0.0
mexico-earthquake_00000177,xBD,mexico-earthquake,earthquake,Earthquake,Low,Earthquake_Low,damaged_building_fraction,0.0,203,0,0,0,0,train/images/mexico-earthquake_00000177_pre_disaster.png,train/images/mexico-earthquake_00000177_post_disaster.png,train/targets/mexico-earthquake_00000177_post_disaster_target.png,True,-99.18376536769838,19.257511347608773,"[-99.1860661228727, 4.493662449834225e-06, 0.0, 19.259812102783087, 0.0, -4.493662449834225e-06]",4326,1024,1024,2017-09-20T17:46:11.000Z,train,4,0.0
mexico-earthquake_00000179,xBD,mexico-earthquake,earthquake,Earthquake,Low,Earthquake_Low,damaged_building_fraction,0.0,27,0,0,0,0,train/images/mexico-earthquake_00000179_pre_disaster.png,train/images/mexico-earthquake_00000179_post_disaster.png,train/targets/mexico-earthquake_00000179_post_disaster_target.png,True,-99.18375532670136,19.24854921312042,"[-99.18605601705458, 4.493535846102359e-06, 0.0, 19.250849903473625, 0.0, -4.493535846102359e-06]",4326,1024,1024,2017-09-20T17:46:11.000Z,train,4,0.0
mexico-earthquake_00000181,xBD,mexico-earthquake,earthquake,Earthquake,Low,Earthquake_Low,damaged_building_fraction,0.0249307479224376,361,9,9,0,0,train/images/mexico-earthquake_00000181_pre_disaster.png,train/images/mexico-earthquake_00000181_post_disaster.png,train/targets/mexico-earthquake_00000181_post_disaster_target.png,True,-99.17432852955557,19.257520466220893,"[-99.17662927941635, 4.493652071837132e-06, 0.0, 19.259821216081672, 0.0, -4.493652071837132e-06]",4326,1024,1024,2017-09-20T17:46:11.000Z,train,4,0.0406341552734375
mexico-earthquake_00000182,xBD,mexico-earthquake,earthquake,Earthquake,Low,Earthquake_Low,damaged_building_fraction,0.0,328,0,0,0,0,train/images/mexico-earthquake_00000182_pre_disaster.png,train/images/mexico-earthquake_00000182_post_disaster.png,train/targets/mexico-earthquake_00000182_post_disaster_target.png,True,-99.17431900108542,19.24855832715664,"[-99.1766196861353, 4.4935254880254825e-06, 0.0, 19.250859012206504, 0.0, -4.4935254880254825e-06]",4326,1024,1024,2017-09-20T17:46:11.000Z,train,0,0.0
mexico-earthquake_00000184,xBD,mexico-earthquake,earthquake,Earthquake,Low,Earthquake_Low,damaged_building_fraction,0.0,351,0,0,0,0,train/images/mexico-earthquake_00000184_pre_disaster.png,train/images/mexico-earthquake_00000184_post_disaster.png,train/targets/mexico-earthquake_00000184_post_disaster_target.png,True,-99.16960083628052,19.24856270170301,"[-99.1719015186564, 4.493520265395363e-06, 0.0, 19.250863384078894, 0.0, -4.493520265395363e-06]",4326,1024,1024,2017-09-20T17:46:11.000Z,train,2,0.0
mexico-earthquake_00000185,xBD,mexico-earthquake,earthquake,Earthquake,Low,Earthquake_Low,damaged_building_fraction,0.0,535,0,0,0,0,train/images/mexico-earthquake_00000185_pre_disaster.png,train/images/mexico-earthquake_00000185_post_disaster.png,train/targets/mexico-earthquake_00000185_post_disaster_target.png,True,-99.1648916861338,19.2575290979976,"[-99.16719243062153, 4.4936415775911706e-06, 0.0, 19.259829842485328, 0.0, -4.4936415775911706e-06]",4326,1024,1024,2017-09-20T17:46:11.000Z,train,0,0.0
mexico-earthquake_00000186,xBD,mexico-earthquake,earthquake,Earthquake,Low,Earthquake_Low,damaged_building_fraction,0.0,374,0,0,0,0,train/images/mexico-earthquake_00000186_pre_disaster.png,train/images/mexico-earthquake_00000186_post_disaster.png,train/targets/mexico-earthquake_00000186_post_disaster_target.png,True,-99.16488267019184,19.248566954601365,"[-99.16718334987885, 4.493515013712456e-06, 0.0, 19.250867634288387, 0.0, -4.493515013712456e-06]",4326,1024,1024,2017-09-20T17:46:11.000Z,val,4,0.0
mexico-earthquake_00000191,xBD,mexico-earthquake,earthquake,Earthquake,Low,Earthquake_Low,damaged_building_fraction,0.0,359,0,0,0,0,train/images/mexico-earthquake_00000191_pre_disaster.png,train/images/mexico-earthquake_00000191_post_disaster.png,train/targets/mexico-earthquake_00000191_post_disaster_target.png,True,-99.15070659946132,19.33649185725884,"[-99.15300733616378, 4.493626371983602e-06, 0.0, 19.338792593961294, 0.0, -4.493626371983602e-06]",4326,1024,1024,2017-09-20T17:46:11.000Z,val,2,0.0
midwest-flooding_00000001,xBD,midwest-flooding,flooding,Flood,Low,Flood_Low,damaged_building_fraction,0.0,119,0,0,0,0,train/images/midwest-flooding_00000001_pre_disaster.png,train/images/midwest-flooding_00000001_post_disaster.png,train/targets/midwest-flooding_00000001_post_disaster_target.png,True,-92.36563285979358,34.71491673797818,"[-92.36797059628226, 4.565891579459006e-06, 0.0, 34.71725447446686, 0.0, -4.565891579459006e-06]",4326,1024,1024,2019-05-31T16:54:31.000Z,test,-1,0.0
midwest-flooding_00000002,xBD,midwest-flooding,flooding,Flood,Severe,Flood_Severe,damaged_building_fraction,0.4545454545454545,11,5,0,1,4,train/images/midwest-flooding_00000002_pre_disaster.png,train/images/midwest-flooding_00000002_post_disaster.png,train/targets/midwest-flooding_00000002_post_disaster_target.png,True,-92.34533158915814,34.785847231718606,"[-92.3476694069814, 4.566050436065726e-06, 0.0, 34.78818504954187, 0.0, -4.566050436065726e-06]",4326,1024,1024,2019-05-31T16:54:31.000Z,train,0,0.0021209716796875
midwest-flooding_00000003,xBD,midwest-flooding,flooding,Flood,Low,Flood_Low,damaged_building_fraction,0.0104712041884816,191,2,2,0,0,train/images/midwest-flooding_00000003_pre_disaster.png,train/images/midwest-flooding_00000003_post_disaster.png,train/targets/midwest-flooding_00000003_post_disaster_target.png,True,-92.32504227099248,34.76888371442641,"[-92.32737971469984, 4.56531974094671e-06, 0.0, 34.77122115813377, 0.0, -4.56531974094671e-06]",4326,1024,1024,2019-05-31T16:54:31.000Z,train,0,0.0029754638671875
midwest-flooding_00000005,xBD,midwest-flooding,flooding,Flood,Severe,Flood_Severe,damaged_building_fraction,1.0,3,3,0,0,3,train/images/midwest-flooding_00000005_pre_disaster.png,train/images/midwest-flooding_00000005_post_disaster.png,train/targets/midwest-flooding_00000005_post_disaster_target.png,True,-92.33505086089508,34.794218320689545,"[-92.33738876698378, 4.566222829522248e-06, 0.0, 34.79655622677826, 0.0, -4.566222829522248e-06]",4326,1024,1024,2019-05-31T16:54:31.000Z,train,0,0.0007476806640625
midwest-flooding_00000007,xBD,midwest-flooding,flooding,Flood,Low,Flood_Low,damaged_building_fraction,0.0377358490566037,53,2,2,0,0,train/images/midwest-flooding_00000007_pre_disaster.png,train/images/midwest-flooding_00000007_post_disaster.png,train/targets/midwest-flooding_00000007_post_disaster_target.png,True,-92.31993673430269,34.76885542207709,"[-92.32227415327115, 4.565271422821004e-06, 0.0, 34.771192841045576, 0.0, -4.565271422821004e-06]",4326,1024,1024,2019-05-31T16:54:31.000Z,train,4,0.0047760009765625
midwest-flooding_00000010,xBD,midwest-flooding,flooding,Flood,Severe,Flood_Severe,damaged_building_fraction,1.0,2,2,0,0,2,train/images/midwest-flooding_00000010_pre_disaster.png,train/images/midwest-flooding_00000010_post_disaster.png,train/targets/midwest-flooding_00000010_post_disaster_target.png,True,-92.32483665165309,34.79416232593062,"[-92.32717450818784, 4.5661260444663215e-06, 0.0, 34.79650018246539, 0.0, -4.5661260444663215e-06]",4326,1024,1024,2019-05-31T16:54:31.000Z,val,2,0.000946044921875
midwest-flooding_00000012,xBD,midwest-flooding,flooding,Flood,Severe,Flood_Severe,damaged_building_fraction,0.6666666666666666,3,2,0,0,2,train/images/midwest-flooding_00000012_pre_disaster.png,train/images/midwest-flooding_00000012_post_disaster.png,train/targets/midwest-flooding_00000012_post_disaster_target.png,True,-92.33511839050814,34.78579211128047,"[-92.33745615888353, 4.565953858169741e-06, 0.0, 34.788129879655855, 0.0, -4.565953858169741e-06]",4326,1024,1024,2019-05-31T16:54:31.000Z,train,0,0.0004425048828125
midwest-flooding_00000013,xBD,midwest-flooding,flooding,Flood,Low,Flood_Low,damaged_building_fraction,0.0,128,0,0,0,0,train/images/midwest-flooding_00000013_pre_disaster.png,train/images/midwest-flooding_00000013_post_disaster.png,train/targets/midwest-flooding_00000013_post_disaster_target.png,True,-92.3351858920892,34.777365890007275,"[-92.33752352281391, 4.565685009239719e-06, 0.0, 34.779703520732006, 0.0, -4.565685009239719e-06]",4326,1024,1024,2019-05-31T16:54:31.000Z,train,1,0.0
midwest-flooding_00000018,xBD,midwest-flooding,flooding,Flood,Low,Flood_Low,damaged_building_fraction,0.0235294117647058,170,4,4,0,0,train/images/midwest-flooding_00000018_pre_disaster.png,train/images/midwest-flooding_00000018_post_disaster.png,train/targets/midwest-flooding_00000018_post_disaster_target.png,True,-92.35066888405808,34.75638255447969,"[-92.35300624486025, 4.565157816749279e-06, 0.0, 34.758719915281866, 0.0, -4.565157816749279e-06]",4326,1024,1024,2019-05-31T16:54:31.000Z,test,-1,0.00518798828125
midwest-flooding_00000019,xBD,midwest-flooding,flooding,Flood,Low,Flood_Low,damaged_building_fraction,0.0,50,0,0,0,0,train/images/midwest-flooding_00000019_pre_disaster.png,train/images/midwest-flooding_00000019_post_disaster.png,train/targets/midwest-flooding_00000019_post_disaster_target.png,True,-92.37089664282264,34.78176814529834,"[-92.37323451507751, 4.566156747799823e-06, 0.0, 34.78410601755321, 0.0, -4.566156747799823e-06]",4326,1024,1024,2019-05-31T16:54:31.000Z,train,0,0.0
midwest-flooding_00000020,xBD,midwest-flooding,flooding,Flood,Low,Flood_Low,damaged_building_fraction,0.0139860139860139,143,2,2,0,0,train/images/midwest-flooding_00000020_pre_disaster.png,train/images/midwest-flooding_00000020_post_disaster.png,train/targets/midwest-flooding_00000020_post_disaster_target.png,True,-92.35060300820588,34.76480883105036,"[-92.35294050656422, 4.565426481158622e-06, 0.0, 34.76714632940871, 0.0, -4.565426481158622e-06]",4326,1024,1024,2019-05-31T16:54:31.000Z,train,0,0.002899169921875
midwest-flooding_00000021,xBD,midwest-flooding,flooding,Flood,Severe,Flood_Severe,damaged_building_fraction,0.8,5,4,2,1,1,train/images/midwest-flooding_00000021_pre_disaster.png,train/images/midwest-flooding_00000021_post_disaster.png,train/targets/midwest-flooding_00000021_post_disaster_target.png,True,-92.35551209264432,34.79011461849704,"[-92.35785002874131, 4.566281439419393e-06, 0.0, 34.79245255459402, 0.0, -4.566281439419393e-06]",4326,1024,1024,2019-05-31T16:54:31.000Z,val,4,0.00103759765625
midwest-flooding_00000022,xBD,midwest-flooding,flooding,Flood,Low,Flood_Low,damaged_building_fraction,0.0,240,0,0,0,0,train/images/midwest-flooding_00000022_pre_disaster.png,train/images/midwest-flooding_00000022_post_disaster.png,train/targets/midwest-flooding_00000022_post_disaster_target.png,True,-92.33535452347644,34.756300284927605,"[-92.33769181034867, 4.565013422296484e-06, 0.0, 34.758637571799824, 0.0, -4.565013422296484e-06]",4326,1024,1024,2019-05-31T16:54:31.000Z,train,3,0.0
midwest-flooding_00000023,xBD,midwest-flooding,flooding,Flood,Low,Flood_Low,damaged_building_fraction,0.0625,160,10,10,0,0,train/images/midwest-flooding_00000023_pre_disaster.png,train/images/midwest-flooding_00000023_post_disaster.png,train/targets/midwest-flooding_00000023_post_disaster_target.png,True,-92.36074878771556,34.77328890571702,"[-92.3630864729816, 4.5657915352792954e-06, 0.0, 34.77562659098308, 0.0, -4.5657915352792954e-06]",4326,1024,1024,2019-05-31T16:54:31.000Z,val,2,0.0147857666015625
midwest-flooding_00000024,xBD,midwest-flooding,flooding,Flood,Low,Flood_Low,damaged_building_fraction,0.0,277,0,0,0,0,train/images/midwest-flooding_00000024_pre_disaster.png,train/images/midwest-flooding_00000024_post_disaster.png,train/targets/midwest-flooding_00000024_post_disaster_target.png,True,-92.32514498465812,34.75624436862804,"[-92.32748222216313, 4.5649170019601155e-06, 0.0, 34.75858160613304, 0.0, -4.5649170019601155e-06]",4326,1024,1024,2019-05-31T16:54:31.000Z,train,3,0.0
midwest-flooding_00000025,xBD,midwest-flooding,flooding,Flood,Low,Flood_Low,damaged_building_fraction,0.0,66,0,0,0,0,train/images/midwest-flooding_00000025_pre_disaster.png,train/images/midwest-flooding_00000025_post_disaster.png,train/targets/midwest-flooding_00000025_post_disaster_target.png,True,-92.32507651598908,34.76467060212629,"[-92.32741389094666, 4.565185464058069e-06, 0.0, 34.767007977083885, 0.0, -4.565185464058069e-06]",4326,1024,1024,2019-05-31T16:54:31.000Z,val,0,0.0
midwest-flooding_00000027,xBD,midwest-flooding,flooding,Flood,Low,Flood_Low,damaged_building_fraction,0.0,60,0,0,0,0,train/images/midwest-flooding_00000027_pre_disaster.png,train/images/midwest-flooding_00000027_post_disaster.png,train/targets/midwest-flooding_00000027_post_disaster_target.png,True,-92.34025848107184,34.78160666514668,"[-92.3425962053357, 4.565867702851687e-06, 0.0, 34.783944389410536, 0.0, -4.565867702851687e-06]",4326,1024,1024,2019-05-31T16:54:31.000Z,test,-1,0.0
midwest-flooding_00000028,xBD,midwest-flooding,flooding,Flood,Severe,Flood_Severe,damaged_building_fraction,1.0,2,2,0,0,2,train/images/midwest-flooding_00000028_pre_disaster.png,train/images/midwest-flooding_00000028_post_disaster.png,train/targets/midwest-flooding_00000028_post_disaster_target.png,True,-92.31976410504316,34.78992091703402,"[-92.3221018679434, 4.565943164571869e-06, 0.0, 34.79225867993428, 0.0, -4.565943164571869e-06]",4326,1024,1024,2019-05-31T16:54:31.000Z,val,1,0.00079345703125
midwest-flooding_00000029,xBD,midwest-flooding,flooding,Flood,Low,Flood_Low,damaged_building_fraction,0.0,267,0,0,0,0,train/images/midwest-flooding_00000029_pre_disaster.png,train/images/midwest-flooding_00000029_post_disaster.png,train/targets/midwest-flooding_00000029_post_disaster_target.png,True,-92.3403254496471,34.77318042932402,"[-92.34266303627089, 4.565598874604519e-06, 0.0, 34.77551801594782, 0.0, -4.565598874604519e-06]",4326,1024,1024,2019-05-31T16:54:31.000Z,test,-1,0.0
midwest-flooding_00000030,xBD,midwest-flooding,flooding,Flood,Severe,Flood_Severe,damaged_building_fraction,0.3333333333333333,3,1,1,0,0,train/images/midwest-flooding_00000030_pre_disaster.png,train/images/midwest-flooding_00000030_post_disaster.png,train/targets/midwest-flooding_00000030_post_disaster_target.png,True,-92.34523184234054,34.79848656714518,"[-92.34756986681965, 4.566454060774451e-06, 0.0, 34.8008245916243, 0.0, -4.566454060774451e-06]",4326,1024,1024,2019-05-31T16:54:31.000Z,train,1,0.001129150390625
midwest-flooding_00000031,xBD,midwest-flooding,flooding,Flood,Low,Flood_Low,damaged_building_fraction,0.0,228,0,0,0,0,train/images/midwest-flooding_00000031_pre_disaster.png,train/images/midwest-flooding_00000031_post_disaster.png,train/targets/midwest-flooding_00000031_post_disaster_target.png,True,-92.33011382209958,34.77312490640051,"[-92.33245135930548, 4.56550235528806e-06, 0.0, 34.77546244360642, 0.0, -4.56550235528806e-06]",4326,1024,1024,2019-05-31T16:54:31.000Z,val,1,0.0
midwest-flooding_00000033,xBD,midwest-flooding,flooding,Flood,Low,Flood_Low,damaged_building_fraction,0.0,82,0,0,0,0,train/images/midwest-flooding_00000033_pre_disaster.png,train/images/midwest-flooding_00000033_post_disaster.png,train/targets/midwest-flooding_00000033_post_disaster_target.png,True,-92.32500801888597,34.77309682376032,"[-92.32734553135873, 4.5654540484058574e-06, 0.0, 34.775434336233104, 0.0, -4.5654540484058574e-06]",4326,1024,1024,2019-05-31T16:54:31.000Z,test,-1,0.0
midwest-flooding_00000036,xBD,midwest-flooding,flooding,Flood,Low,Flood_Low,damaged_building_fraction,0.0,71,0,0,0,0,train/images/midwest-flooding_00000036_pre_disaster.png,train/images/midwest-flooding_00000036_post_disaster.png,train/targets/midwest-flooding_00000036_post_disaster_target.png,True,-92.30969065213166,34.773011291137664,"[-92.31202809030836, 4.565308938851048e-06, 0.0, 34.77534872931435, 0.0, -4.565308938851048e-06]",4326,1024,1024,2019-05-31T16:54:31.000Z,train,0,0.0
midwest-flooding_00000038,xBD,midwest-flooding,flooding,Flood,Severe,Flood_Severe,damaged_building_fraction,1.0,1,1,0,1,0,train/images/midwest-flooding_00000038_pre_disaster.png,train/images/midwest-flooding_00000038_post_disaster.png,train/targets/midwest-flooding_00000038_post_disaster_target.png,True,-92.3196950031519,34.79834709424545,"[-92.32203290373451, 4.5662120753976585e-06, 0.0, 34.80068499482805, 0.0, -4.5662120753976585e-06]",4326,1024,1024,2019-05-31T16:54:31.000Z,test,-1,9.1552734375e-05
midwest-flooding_00000039,xBD,midwest-flooding,flooding,Flood,Low,Flood_Low,damaged_building_fraction,0.0,45,0,0,0,0,train/images/midwest-flooding_00000039_pre_disaster.png,train/images/midwest-flooding_00000039_post_disaster.png,train/targets/midwest-flooding_00000039_post_disaster_target.png,True,-92.37086470560284,34.785981283917415,"[-92.37320264676347, 4.566291329378457e-06, 0.0, 34.788319225078055, 0.0, -4.566291329378457e-06]",4326,1024,1024,2019-05-31T16:54:31.000Z,train,1,0.0
midwest-flooding_00000041,xBD,midwest-flooding,flooding,Flood,Low,Flood_Low,damaged_building_fraction,0.0,113,0,0,0,0,train/images/midwest-flooding_00000041_pre_disaster.png,train/images/midwest-flooding_00000041_post_disaster.png,train/targets/midwest-flooding_00000041_post_disaster_target.png,True,-92.3608460760666,34.76064947905271,"[-92.36318355486576, 4.565388279609174e-06, 0.0, 34.76298695785187, 0.0, -4.565388279609174e-06]",4326,1024,1024,2019-05-31T16:54:31.000Z,train,4,0.0
midwest-flooding_00000043,xBD,midwest-flooding,flooding,Flood,Low,Flood_Low,damaged_building_fraction,0.0,67,0,0,0,0,train/images/midwest-flooding_00000043_pre_disaster.png,train/images/midwest-flooding_00000043_post_disaster.png,train/targets/midwest-flooding_00000043_post_disaster_target.png,True,-92.355544815411,34.78590149526984,"[-92.35788268261763, 4.566146887948736e-06, 0.0, 34.78823936247647, 0.0, -4.566146887948736e-06]",4326,1024,1024,2019-05-31T16:54:31.000Z,train,2,0.0
midwest-flooding_00000044,xBD,midwest-flooding,flooding,Flood,Low,Flood_Low,damaged_building_fraction,0.0,113,0,0,0,0,train/images/midwest-flooding_00000044_pre_disaster.png,train/images/midwest-flooding_00000044_post_disaster.png,train/targets/midwest-flooding_00000044_post_disaster_target.png,True,-92.345597277163,34.75214220679226,"[-92.34793454459373, 4.564975450642693e-06, 0.0, 34.75447947422299, 0.0, -4.564975450642693e-06]",4326,1024,1024,2019-05-31T16:54:31.000Z,train,1,0.0
midwest-flooding_00000047,xBD,midwest-flooding,flooding,Flood,Low,Flood_Low,damaged_building_fraction,0.0085470085470085,117,1,1,0,0,train/images/midwest-flooding_00000047_pre_disaster.png,train/images/midwest-flooding_00000047_post_disaster.png,train/targets/midwest-flooding_00000047_post_disaster_target.png,True,-92.3302837150184,34.75205930819917,"[-92.33262090850188, 4.564831022416377e-06, 0.0, 34.75439650168265, 0.0, -4.564831022416377e-06]",4326,1024,1024,2019-05-31T16:54:31.000Z,train,2,0.001434326171875
midwest-flooding_00000049,xBD,midwest-flooding,flooding,Flood,Low,Flood_Low,damaged_building_fraction,0.0,186,0,0,0,0,train/images/midwest-flooding_00000049_pre_disaster.png,train/images/midwest-flooding_00000049_post_disaster.png,train/targets/midwest-flooding_00000049_post_disaster_target.png,True,-92.32511075387713,34.76045748686011,"[-92.32744806010061, 4.5650512177353424e-06, 0.0, 34.76279479308359, 0.0, -4.5650512177353424e-06]",4326,1024,1024,2019-05-31T16:54:31.000Z,train,4,0.0
midwest-flooding_00000054,xBD,midwest-flooding,flooding,Flood,Low,Flood_Low,damaged_building_fraction,0.0,147,0,0,0,0,train/images/midwest-flooding_00000054_pre_disaster.png,train/images/midwest-flooding_00000054_post_disaster.png,train/targets/midwest-flooding_00000054_post_disaster_target.png,True,-92.34563045714825,34.74792906533746,"[-92.34796765585038, 4.564841215113424e-06, 0.0, 34.750266264039595, 0.0, -4.564841215113424e-06]",4326,1024,1024,2019-05-31T16:54:31.000Z,train,3,0.0
midwest-flooding_00000058,xBD,midwest-flooding,flooding,Flood,Low,Flood_Low,damaged_building_fraction,0.0,100,0,0,0,0,train/images/midwest-flooding_00000058_pre_disaster.png,train/images/midwest-flooding_00000058_post_disaster.png,train/targets/midwest-flooding_00000058_post_disaster_target.png,True,-92.32541857522564,34.722539316020026,"[-92.3277552635456, 4.563844374946595e-06, 0.0, 34.72487600434, 0.0, -4.563844374946595e-06]",4326,1024,1024,2019-05-31T16:54:31.000Z,val,4,0.0
midwest-flooding_00000059,xBD,midwest-flooding,flooding,Flood,Low,Flood_Low,damaged_building_fraction,0.0,232,0,0,0,0,train/images/midwest-flooding_00000059_pre_disaster.png,train/images/midwest-flooding_00000059_post_disaster.png,train/targets/midwest-flooding_00000059_post_disaster_target.png,True,-92.32017811442763,34.73936360454248,"[-92.32251505254877, 4.564332267805617e-06, 0.0, 34.7417005426636, 0.0, -4.564332267805617e-06]",4326,1024,1024,2019-05-31T16:54:31.000Z,train,3,0.0
midwest-flooding_00000060,xBD,midwest-flooding,flooding,Flood,Low,Flood_Low,damaged_building_fraction,0.0,244,0,0,0,0,train/images/midwest-flooding_00000060_pre_disaster.png,train/images/midwest-flooding_00000060_post_disaster.png,train/targets/midwest-flooding_00000060_post_disaster_target.png,True,-92.33555665022212,34.731021460993794,"[-92.33789352498768, 4.564208526488471e-06, 0.0, 34.733358335759355, 0.0, -4.564208526488471e-06]",4326,1024,1024,2019-05-31T16:54:31.000Z,train,0,0.0
midwest-flooding_00000061,xBD,midwest-flooding,flooding,Flood,Low,Flood_Low,damaged_building_fraction,0.0,69,0,0,0,0,train/images/midwest-flooding_00000061_pre_disaster.png,train/images/midwest-flooding_00000061_post_disaster.png,train/targets/midwest-flooding_00000061_post_disaster_target.png,True,-92.32031588851686,34.72251107213569,"[-92.3226525522118, 4.563796279206578e-06, 0.0, 34.72484773583064, 0.0, -4.563796279206578e-06]",4326,1024,1024,2019-05-31T16:54:31.000Z,test,-1,0.0
midwest-flooding_00000062,xBD,midwest-flooding,flooding,Flood,Low,Flood_Low,damaged_building_fraction,0.0,190,0,0,0,0,train/images/midwest-flooding_00000062_pre_disaster.png,train/images/midwest-flooding_00000062_post_disaster.png,train/targets/midwest-flooding_00000062_post_disaster_target.png,True,-92.33045343167768,34.73099363587005,"[-92.33279028182974, 4.5641604532712994e-06, 0.0, 34.733330486022126, 0.0, -4.5641604532712994e-06]",4326,1024,1024,2019-05-31T16:54:31.000Z,test,-1,0.0
midwest-flooding_00000063,xBD,midwest-flooding,flooding,Flood,Low,Flood_Low,damaged_building_fraction,0.0,184,0,0,0,0,train/images/midwest-flooding_00000063_pre_disaster.png,train/images/midwest-flooding_00000063_post_disaster.png,train/targets/midwest-flooding_00000063_post_disaster_target.png,True,-92.3099706913179,34.73930643999111,"[-92.31230758005798, 4.564235820452925e-06, 0.0, 34.741643328731186, 0.0, -4.564235820452925e-06]",4326,1024,1024,2019-05-31T16:54:31.000Z,test,-1,0.0
midwest-flooding_00000064,xBD,midwest-flooding,flooding,Flood,Low,Flood_Low,damaged_building_fraction,0.0,214,0,0,0,0,train/images/midwest-flooding_00000064_pre_disaster.png,train/images/midwest-flooding_00000064_post_disaster.png,train/targets/midwest-flooding_00000064_post_disaster_target.png,True,-92.32535022017692,34.73096559696159,"[-92.3276870456994, 4.5641123486102825e-06, 0.0, 34.73330242248408, 0.0, -4.5641123486102825e-06]",4326,1024,1024,2019-05-31T16:54:31.000Z,train,3,0.0
midwest-flooding_00000065,xBD,midwest-flooding,flooding,Flood,Low,Flood_Low,damaged_building_fraction,0.0,57,0,0,0,0,train/images/midwest-flooding_00000065_pre_disaster.png,train/images/midwest-flooding_00000065_post_disaster.png,train/targets/midwest-flooding_00000065_post_disaster_target.png,True,-92.31011053659776,34.72245394321984,"[-92.31244715099437, 4.563699993409762e-06, 0.0, 34.724790557616465, 0.0, -4.563699993409762e-06]",4326,1024,1024,2019-05-31T16:54:31.000Z,train,4,0.0
midwest-flooding_00000066,xBD,midwest-flooding,flooding,Flood,Low,Flood_Low,damaged_building_fraction,0.0,280,0,0,0,0,train/images/midwest-flooding_00000066_pre_disaster.png,train/images/midwest-flooding_00000066_post_disaster.png,train/targets/midwest-flooding_00000066_post_disaster_target.png,True,-92.30990072511744,34.747732670579296,"[-92.3122377511229, 4.56450391691953e-06, 0.0, 34.75006969658476, 0.0, -4.56450391691953e-06]",4326,1024,1024,2019-05-31T16:54:31.000Z,train,2,0.0
midwest-flooding_00000067,xBD,midwest-flooding,flooding,Flood,Low,Flood_Low,damaged_building_fraction,0.0,103,0,0,0,0,train/images/midwest-flooding_00000067_pre_disaster.png,train/images/midwest-flooding_00000067_post_disaster.png,train/targets/midwest-flooding_00000067_post_disaster_target.png,True,-92.34586252427025,34.71843699218071,"[-92.34819924231017, 4.563902421736712e-06, 0.0, 34.72077371022064, 0.0, -4.563902421736712e-06]",4326,1024,1024,2019-05-31T16:54:31.000Z,test,-1,0.0
midwest-flooding_00000068,xBD,midwest-flooding,flooding,Flood,Low,Flood_Low,damaged_building_fraction,0.0,307,0,0,0,0,train/images/midwest-flooding_00000068_pre_disaster.png,train/images/midwest-flooding_00000068_post_disaster.png,train/targets/midwest-flooding_00000068_post_disaster_target.png,True,-92.33552297991316,34.735234605726674,"[-92.33785992332407, 4.564342599445183e-06, 0.0, 34.73757154913759, 0.0, -4.564342599445183e-06]",4326,1024,1024,2019-05-31T16:54:31.000Z,train,2,0.0
midwest-flooding_00000070,xBD,midwest-flooding,flooding,Flood,Low,Flood_Low,damaged_building_fraction,0.0,66,0,0,0,0,train/images/midwest-flooding_00000070_pre_disaster.png,train/images/midwest-flooding_00000070_post_disaster.png,train/targets/midwest-flooding_00000070_post_disaster_target.png,True,-92.33055517714332,34.71835419690002,"[-92.33289182148405, 4.563758477990343e-06, 0.0, 34.72069084124075, 0.0, -4.563758477990343e-06]",4326,1024,1024,2019-05-31T16:54:31.000Z,test,-1,0.0
midwest-flooding_00000076,xBD,midwest-flooding,flooding,Flood,Moderate,Flood_Moderate,damaged_building_fraction,0.2,5,1,1,0,0,train/images/midwest-flooding_00000076_pre_disaster.png,train/images/midwest-flooding_00000076_post_disaster.png,train/targets/midwest-flooding_00000076_post_disaster_target.png,True,-96.2202697967118,36.390333096540246,"[-96.22260505266601, 4.561046785565832e-06, 0.0, 36.392668352494454, 0.0, -4.561046785565832e-06]",4326,1024,1024,2019-05-30T17:35:22.000Z,train,1,0.0002288818359375
midwest-flooding_00000077,xBD,midwest-flooding,flooding,Flood,Low,Flood_Low,damaged_building_fraction,0.0,15,0,0,0,0,train/images/midwest-flooding_00000077_pre_disaster.png,train/images/midwest-flooding_00000077_post_disaster.png,train/targets/midwest-flooding_00000077_post_disaster_target.png,True,-96.23487779848602,36.415750291732905,"[-96.23721357544399, 4.562064371028119e-06, 0.0, 36.41808606869087, 0.0, -4.562064371028119e-06]",4326,1024,1024,2019-05-30T17:35:22.000Z,test,-1,0.0
midwest-flooding_00000079,xBD,midwest-flooding,flooding,Flood,Low,Flood_Low,damaged_building_fraction,0.0,1,0,0,0,0,train/images/midwest-flooding_00000079_pre_disaster.png,train/images/midwest-flooding_00000079_post_disaster.png,train/targets/midwest-flooding_00000079_post_disaster_target.png,True,-96.21316485994852,36.444503294957855,"[-96.2155009813514, 4.5627371149691684e-06, 0.0, 36.44683941636072, 0.0, -4.5627371149691684e-06]",4326,1024,1024,2019-05-30T17:35:22.000Z,test,-1,0.0
midwest-flooding_00000081,xBD,midwest-flooding,flooding,Flood,Severe,Flood_Severe,damaged_building_fraction,1.0,2,2,0,2,0,train/images/midwest-flooding_00000081_pre_disaster.png,train/images/midwest-flooding_00000081_post_disaster.png,train/targets/midwest-flooding_00000081_post_disaster_target.png,True,-96.2193768622867,36.4153904280992,"[-96.22171253366112, 4.561858153166274e-06, 0.0, 36.41772609947362, 0.0, -4.561858153166274e-06]",4326,1024,1024,2019-05-30T17:35:22.000Z,train,3,0.00030517578125
midwest-flooding_00000083,xBD,midwest-flooding,flooding,Flood,Low,Flood_Low,damaged_building_fraction,0.0,4,0,0,0,0,train/images/midwest-flooding_00000083_pre_disaster.png,train/images/midwest-flooding_00000083_post_disaster.png,train/targets/midwest-flooding_00000083_post_disaster_target.png,True,-96.21982346737887,36.40286177792064,"[-96.22215893097557, 4.561452337297698e-06, 0.0, 36.405197241517335, 0.0, -4.561452337297698e-06]",4326,1024,1024,2019-05-30T17:35:22.000Z,val,4,0.0
midwest-flooding_00000084,xBD,midwest-flooding,flooding,Flood,Moderate,Flood_Moderate,damaged_building_fraction,0.2,5,1,1,0,0,train/images/midwest-flooding_00000084_pre_disaster.png,train/images/midwest-flooding_00000084_post_disaster.png,train/targets/midwest-flooding_00000084_post_disaster_target.png,True,-96.29485849232344,36.38568232963178,"[-96.29719505725824, 4.563603388274399e-06, 0.0, 36.38801889456657, 0.0, -4.563603388274399e-06]",4326,1024,1024,2019-05-30T17:35:04.000Z,train,1,0.00091552734375
midwest-flooding_00000085,xBD,midwest-flooding,flooding,Flood,Severe,Flood_Severe,damaged_building_fraction,0.3333333333333333,3,1,1,0,0,train/images/midwest-flooding_00000085_pre_disaster.png,train/images/midwest-flooding_00000085_post_disaster.png,train/targets/midwest-flooding_00000085_post_disaster_target.png,True,-96.27993886938366,36.36861805436664,"[-96.28227505212658, 4.562856919778298e-06, 0.0, 36.370954237109565, 0.0, -4.562856919778298e-06]",4326,1024,1024,2019-05-30T17:35:04.000Z,train,0,4.57763671875e-05
midwest-flooding_00000086,xBD,midwest-flooding,flooding,Flood,Low,Flood_Low,damaged_building_fraction,0.0,1,0,0,0,0,train/images/midwest-flooding_00000086_pre_disaster.png,train/images/midwest-flooding_00000086_post_disaster.png,train/targets/midwest-flooding_00000086_post_disaster_target.png,True,-96.28481452857636,36.37709172555465,"[-96.28715088489983, 4.563195944266506e-06, 0.0, 36.37942808187811, 0.0, -4.563195944266506e-06]",4326,1024,1024,2019-05-30T17:35:04.000Z,train,2,0.0
midwest-flooding_00000095,xBD,midwest-flooding,flooding,Flood,Low,Flood_Low,damaged_building_fraction,0.05,20,1,1,0,0,train/images/midwest-flooding_00000095_pre_disaster.png,train/images/midwest-flooding_00000095_post_disaster.png,train/targets/midwest-flooding_00000095_post_disaster_target.png,True,-96.20831333922273,36.34812230157658,"[-96.21064883270294, 4.56151070357004e-06, 0.0, 36.35045779505681, 0.0, -4.56151070357004e-06]",4326,1024,1024,2019-05-30T17:35:22.000Z,train,4,0.0004119873046875
midwest-flooding_00000096,xBD,midwest-flooding,flooding,Flood,Moderate,Flood_Moderate,damaged_building_fraction,0.25,4,1,1,0,0,train/images/midwest-flooding_00000096_pre_disaster.png,train/images/midwest-flooding_00000096_post_disaster.png,train/targets/midwest-flooding_00000096_post_disaster_target.png,True,-96.23398936213484,36.3529008037252,"[-96.2363251000086, 4.561988034682978e-06, 0.0, 36.355236541598956, 0.0, -4.561988034682978e-06]",4326,1024,1024,2019-05-30T17:35:22.000Z,test,-1,0.001800537109375
midwest-flooding_00000099,xBD,midwest-flooding,flooding,Flood,Low,Flood_Low,damaged_building_fraction,0.0,4,0,0,0,0,train/images/midwest-flooding_00000099_pre_disaster.png,train/images/midwest-flooding_00000099_post_disaster.png,train/targets/midwest-flooding_00000099_post_disaster_target.png,True,-96.21908862076984,36.33582884638529,"[-96.22142397718342, 4.5612429952548365e-06, 0.0, 36.33816420279886, 0.0, -4.5612429952548365e-06]",4326,1024,1024,2019-05-30T17:35:22.000Z,test,-1,0.0
midwest-flooding_00000100,xBD,midwest-flooding,flooding,Flood,Low,Flood_Low,damaged_building_fraction,0.0,19,0,0,0,0,train/images/midwest-flooding_00000100_pre_disaster.png,train/images/midwest-flooding_00000100_post_disaster.png,train/targets/midwest-flooding_00000100_post_disaster_target.png,True,-96.20741755421166,36.3731905280579,"[-96.2097534623779, 4.562320637184862e-06, 0.0, 36.375526436224135, 0.0, -4.562320637184862e-06]",4326,1024,1024,2019-05-30T17:35:22.000Z,test,-1,0.0
midwest-flooding_00000103,xBD,midwest-flooding,flooding,Flood,Low,Flood_Low,damaged_building_fraction,0.0769230769230769,13,1,1,0,0,train/images/midwest-flooding_00000103_pre_disaster.png,train/images/midwest-flooding_00000103_post_disaster.png,train/targets/midwest-flooding_00000103_post_disaster_target.png,True,-96.2139247034527,36.33570860532278,"[-96.21626002483703, 4.5611745787682305e-06, 0.0, 36.33804392670711, 0.0, -4.5611745787682305e-06]",4326,1024,1024,2019-05-30T17:35:22.000Z,train,2,6.103515625e-05
midwest-flooding_00000107,xBD,midwest-flooding,flooding,Flood,Low,Flood_Low,damaged_building_fraction,0.0,3,0,0,0,0,train/images/midwest-flooding_00000107_pre_disaster.png,train/images/midwest-flooding_00000107_post_disaster.png,train/targets/midwest-flooding_00000107_post_disaster_target.png,True,-96.23339768093454,36.369613319276986,"[-96.23573369551382, 4.562528475148406e-06, 0.0, 36.371949333856264, 0.0, -4.562528475148406e-06]",4326,1024,1024,2019-05-30T17:35:22.000Z,train,1,0.0
midwest-flooding_00000108,xBD,midwest-flooding,flooding,Flood,Low,Flood_Low,damaged_building_fraction,0.0,18,0,0,0,0,train/images/midwest-flooding_00000108_pre_disaster.png,train/images/midwest-flooding_00000108_post_disaster.png,train/targets/midwest-flooding_00000108_post_disaster_target.png,True,-96.21332910604632,36.35242088501031,"[-96.21566470369764, 4.5617141627446625e-06, 0.0, 36.354756482661635, 0.0, -4.5617141627446625e-06]",4326,1024,1024,2019-05-30T17:35:22.000Z,train,3,0.0
midwest-flooding_00000109,xBD,midwest-flooding,flooding,Flood,Low,Flood_Low,damaged_building_fraction,0.0,19,0,0,0,0,train/images/midwest-flooding_00000109_pre_disaster.png,train/images/midwest-flooding_00000109_post_disaster.png,train/targets/midwest-flooding_00000109_post_disaster_target.png,True,-96.21303112329127,36.36077700403665,"[-96.21536685916608, 4.561984130481937e-06, 0.0, 36.36311273991146, 0.0, -4.561984130481937e-06]",4326,1024,1024,2019-05-30T17:35:22.000Z,val,2,0.0
midwest-flooding_00000113,xBD,midwest-flooding,flooding,Flood,Low,Flood_Low,damaged_building_fraction,0.0,30,0,0,0,0,train/images/midwest-flooding_00000113_pre_disaster.png,train/images/midwest-flooding_00000113_post_disaster.png,train/targets/midwest-flooding_00000113_post_disaster_target.png,True,-96.21273301776591,36.3691331091818,"[-96.21506889192423, 4.562254215442945e-06, 0.0, 36.37146898334011, 0.0, -4.562254215442945e-06]",4326,1024,1024,2019-05-30T17:35:22.000Z,train,2,0.0
midwest-flooding_00000114,xBD,midwest-flooding,flooding,Flood,Low,Flood_Low,damaged_building_fraction,0.0,23,0,0,0,0,train/images/midwest-flooding_00000114_pre_disaster.png,train/images/midwest-flooding_00000114_post_disaster.png,train/targets/midwest-flooding_00000114_post_disaster_target.png,True,-96.20756692859726,36.369012498992,"[-96.20990276761165, 4.562185574989902e-06, 0.0, 36.37134833800639, 0.0, -4.562185574989902e-06]",4326,1024,1024,2019-05-30T17:35:22.000Z,test,-1,0.0
midwest-flooding_00000117,xBD,midwest-flooding,flooding,Flood,Severe,Flood_Severe,damaged_building_fraction,0.3076923076923077,13,4,1,2,1,train/images/midwest-flooding_00000117_pre_disaster.png,train/images/midwest-flooding_00000117_post_disaster.png,train/targets/midwest-flooding_00000117_post_disaster_target.png,True,-96.35263388707077,36.27198707840581,"[-96.35496982018815, 4.5623693698991686e-06, 0.0, 36.2743230115232, 0.0, -4.5623693698991686e-06]",4326,1024,1024,2019-05-30T17:35:04.000Z,train,1,0.003021240234375
midwest-flooding_00000120,xBD,midwest-flooding,flooding,Flood,Severe,Flood_Severe,damaged_building_fraction,1.0,1,1,0,0,1,train/images/midwest-flooding_00000120_pre_disaster.png,train/images/midwest-flooding_00000120_post_disaster.png,train/targets/midwest-flooding_00000120_post_disaster_target.png,True,-96.36366071375951,36.25131471107409,"[-96.36599636997195, 4.561828539930088e-06, 0.0, 36.25365036728653, 0.0, -4.561828539930088e-06]",4326,1024,1024,2019-05-30T17:35:04.000Z,train,4,0.00048828125
midwest-flooding_00000121,xBD,midwest-flooding,flooding,Flood,Low,Flood_Low,damaged_building_fraction,0.0,1,0,0,0,0,train/images/midwest-flooding_00000121_pre_disaster.png,train/images/midwest-flooding_00000121_post_disaster.png,train/targets/midwest-flooding_00000121_post_disaster_target.png,True,-96.33298089060548,36.24226857728681,"[-96.33531620230605, 4.561155665157163e-06, 0.0, 36.24460388898737, 0.0, -4.561155665157163e-06]",4326,1024,1024,2019-05-30T17:35:04.000Z,train,2,0.0
midwest-flooding_00000125,xBD,midwest-flooding,flooding,Flood,Low,Flood_Low,damaged_building_fraction,0.0,5,0,0,0,0,train/images/midwest-flooding_00000125_pre_disaster.png,train/images/midwest-flooding_00000125_post_disaster.png,train/targets/midwest-flooding_00000125_post_disaster_target.png,True,-96.24442001065276,36.26317356072323,"[-96.24675522071118, 4.5609571453542714e-06, 0.0, 36.26550877078165, 0.0, -4.5609571453542714e-06]",4326,1024,1024,2019-05-30T17:35:04.000Z,train,4,0.0
midwest-flooding_00000130,xBD,midwest-flooding,flooding,Flood,Severe,Flood_Severe,damaged_building_fraction,0.3636363636363636,11,4,1,1,2,train/images/midwest-flooding_00000130_pre_disaster.png,train/images/midwest-flooding_00000130_post_disaster.png,train/targets/midwest-flooding_00000130_post_disaster_target.png,True,-96.34245150487256,36.26757818302081,"[-96.34478729991251, 4.562099687413684e-06, 0.0, 36.269913978060764, 0.0, -4.562099687413684e-06]",4326,1024,1024,2019-05-30T17:35:04.000Z,train,2,0.0012054443359375
midwest-flooding_00000131,xBD,midwest-flooding,flooding,Flood,Low,Flood_Low,damaged_building_fraction,0.0,6,0,0,0,0,train/images/midwest-flooding_00000131_pre_disaster.png,train/images/midwest-flooding_00000131_post_disaster.png,train/targets/midwest-flooding_00000131_post_disaster_target.png,True,-96.32686154343264,36.26922727522088,"[-96.32919737683831, 4.562174620460514e-06, 0.0, 36.27156310862655, 0.0, -4.562174620460514e-06]",4326,1024,1024,2019-05-30T17:35:04.000Z,train,2,0.0
midwest-flooding_00000132,xBD,midwest-flooding,flooding,Flood,Moderate,Flood_Moderate,damaged_building_fraction,0.2,5,1,1,0,0,train/images/midwest-flooding_00000132_pre_disaster.png,train/images/midwest-flooding_00000132_post_disaster.png,train/targets/midwest-flooding_00000132_post_disaster_target.png,True,-96.37830477037048,36.276735542721056,"[-96.38064094480461, 4.5628406916331725e-06, 0.0, 36.27907171715517, 0.0, -4.5628406916331725e-06]",4326,1024,1024,2019-05-30T17:35:04.000Z,train,2,0.0018768310546875
midwest-flooding_00000139,xBD,midwest-flooding,flooding,Flood,Severe,Flood_Severe,damaged_building_fraction,1.0,1,1,0,0,1,train/images/midwest-flooding_00000139_pre_disaster.png,train/images/midwest-flooding_00000139_post_disaster.png,train/targets/midwest-flooding_00000139_post_disaster_target.png,True,-96.37468144731226,36.230641023403656,"[-96.37701682668892, 4.561287845031559e-06, 0.0, 36.23297640278031, 0.0, -4.561287845031559e-06]",4326,1024,1024,2019-05-30T17:35:04.000Z,train,2,6.103515625e-05
midwest-flooding_00000140,xBD,midwest-flooding,flooding,Flood,Moderate,Flood_Moderate,damaged_building_fraction,0.1333333333333333,15,2,0,0,2,train/images/midwest-flooding_00000140_pre_disaster.png,train/images/midwest-flooding_00000140_post_disaster.png,train/targets/midwest-flooding_00000140_post_disaster_target.png,True,-96.3831881459596,36.28520881864107,"[-96.38552449332211, 4.563178442375574e-06, 0.0, 36.28754516600356, 0.0, -4.563178442375574e-06]",4326,1024,1024,2019-05-30T17:35:04.000Z,train,3,0.0003204345703125
midwest-flooding_00000141,xBD,midwest-flooding,flooding,Flood,Low,Flood_Low,damaged_building_fraction,0.0,5,0,0,0,0,train/images/midwest-flooding_00000141_pre_disaster.png,train/images/midwest-flooding_00000141_post_disaster.png,train/targets/midwest-flooding_00000141_post_disaster_target.png,True,-96.31653757446536,36.2689961577944,"[-96.31887333878227, 4.562039681433044e-06, 0.0, 36.271331922111294, 0.0, -4.562039681433044e-06]",4326,1024,1024,2019-05-30T17:35:04.000Z,test,-1,0.0
midwest-flooding_00000143,xBD,midwest-flooding,flooding,Flood,Severe,Flood_Severe,damaged_building_fraction,0.4347826086956521,23,10,3,1,6,train/images/midwest-flooding_00000143_pre_disaster.png,train/images/midwest-flooding_00000143_post_disaster.png,train/targets/midwest-flooding_00000143_post_disaster_target.png,True,-96.33913259980926,36.21312335227688,"[-96.34146746310802, 4.5602798803833435e-06, 0.0, 36.21545821557563, 0.0, -4.5602798803833435e-06]",4326,1024,1024,2019-05-30T17:35:04.000Z,train,3,0.0030517578125
midwest-flooding_00000144,xBD,midwest-flooding,flooding,Flood,Severe,Flood_Severe,damaged_building_fraction,0.6666666666666666,3,2,0,2,0,train/images/midwest-flooding_00000144_pre_disaster.png,train/images/midwest-flooding_00000144_post_disaster.png,train/targets/midwest-flooding_00000144_post_disaster_target.png,True,-96.36952202613143,36.23052774862298,"[-96.37185737123059, 4.561220896757256e-06, 0.0, 36.23286309372212, 0.0, -4.561220896757256e-06]",4326,1024,1024,2019-05-30T17:35:04.000Z,train,3,0.005340576171875
midwest-flooding_00000145,xBD,midwest-flooding,flooding,Flood,Severe,Flood_Severe,damaged_building_fraction,0.3333333333333333,3,1,1,0,0,train/images/midwest-flooding_00000145_pre_disaster.png,train/images/midwest-flooding_00000145_post_disaster.png,train/targets/midwest-flooding_00000145_post_disaster_target.png,True,-96.3628174546818,36.27639514975517,"[-96.36515352587877, 4.5626390565682595e-06, 0.0, 36.27873122095214, 0.0, -4.5626390565682595e-06]",4326,1024,1024,2019-05-30T17:35:04.000Z,val,0,0.00115966796875
midwest-flooding_00000148,xBD,midwest-flooding,flooding,Flood,Low,Flood_Low,damaged_building_fraction,0.0,15,0,0,0,0,train/images/midwest-flooding_00000148_pre_disaster.png,train/images/midwest-flooding_00000148_post_disaster.png,train/targets/midwest-flooding_00000148_post_disaster_target.png,True,-96.35404393592532,36.23018659117916,"[-96.35637917809886, 4.561019870189371e-06, 0.0, 36.2325218333527, 0.0, -4.561019870189371e-06]",4326,1024,1024,2019-05-30T17:35:04.000Z,train,3,0.0
midwest-flooding_00000150,xBD,midwest-flooding,flooding,Flood,Severe,Flood_Severe,damaged_building_fraction,1.0,2,2,2,0,0,train/images/midwest-flooding_00000150_pre_disaster.png,train/images/midwest-flooding_00000150_post_disaster.png,train/targets/midwest-flooding_00000150_post_disaster_target.png,True,-96.37928270844805,36.24747465705095,"[-96.3816183985286, 4.561894688610733e-06, 0.0, 36.24981034713152, 0.0, -4.561894688610733e-06]",4326,1024,1024,2019-05-30T17:35:04.000Z,train,4,0.00042724609375
midwest-flooding_00000151,xBD,midwest-flooding,flooding,Flood,Low,Flood_Low,damaged_building_fraction,0.0,5,0,0,0,0,train/images/midwest-flooding_00000151_pre_disaster.png,train/images/midwest-flooding_00000151_post_disaster.png,train/targets/midwest-flooding_00000151_post_disaster_target.png,True,-96.35432559725658,36.22182645274571,"[-96.35666070142183, 4.560750322750256e-06, 0.0, 36.22416155691096, 0.0, -4.560750322750256e-06]",4326,1024,1024,2019-05-30T17:35:04.000Z,val,4,0.0
midwest-flooding_00000154,xBD,midwest-flooding,flooding,Flood,Low,Flood_Low,damaged_building_fraction,0.0,5,0,0,0,0,train/images/midwest-flooding_00000154_pre_disaster.png,train/images/midwest-flooding_00000154_post_disaster.png,train/targets/midwest-flooding_00000154_post_disaster_target.png,True,-96.30076400583816,36.27700791278247,"[-96.30309980452614, 4.562106812491644e-06, 0.0, 36.27934371147046, 0.0, -4.562106812491644e-06]",4326,1024,1024,2019-05-30T17:35:04.000Z,train,2,0.0
midwest-flooding_00000157,xBD,midwest-flooding,flooding,Flood,Severe,Flood_Severe,damaged_building_fraction,1.0,1,1,1,0,0,train/images/midwest-flooding_00000157_pre_disaster.png,train/images/midwest-flooding_00000157_post_disaster.png,train/targets/midwest-flooding_00000157_post_disaster_target.png,True,-96.348602305015,36.23843251773456,"[-96.3509376508929, 4.5612224178029e-06, 0.0, 36.240767863612476, 0.0, -4.5612224178029e-06]",4326,1024,1024,2019-05-30T17:35:04.000Z,val,2,0.0006256103515625
midwest-flooding_00000161,xBD,midwest-flooding,flooding,Flood,Moderate,Flood_Moderate,damaged_building_fraction,0.1666666666666666,12,2,2,0,0,train/images/midwest-flooding_00000161_pre_disaster.png,train/images/midwest-flooding_00000161_post_disaster.png,train/targets/midwest-flooding_00000161_post_disaster_target.png,True,-96.3224131295876,36.24821116571945,"[-96.32474858317246, 4.561432782932241e-06, 0.0, 36.25054661930431, 0.0, -4.561432782932241e-06]",4326,1024,1024,2019-05-30T17:35:04.000Z,val,0,0.0007171630859375
midwest-flooding_00000162,xBD,midwest-flooding,flooding,Flood,Low,Flood_Low,damaged_building_fraction,0.0,2,0,0,0,0,train/images/midwest-flooding_00000162_pre_disaster.png,train/images/midwest-flooding_00000162_post_disaster.png,train/targets/midwest-flooding_00000162_post_disaster_target.png,True,-96.26521106664704,36.259467357943976,"[-96.26754634670232, 4.561093858004592e-06, 0.0, 36.261802637999274, 0.0, -4.561093858004592e-06]",4326,1024,1024,2019-05-30T17:35:04.000Z,train,1,0.0
midwest-flooding_00000166,xBD,midwest-flooding,flooding,Flood,Low,Flood_Low,damaged_building_fraction,0.0,40,0,0,0,0,train/images/midwest-flooding_00000166_pre_disaster.png,train/images/midwest-flooding_00000166_post_disaster.png,train/targets/midwest-flooding_00000166_post_disaster_target.png,True,-96.30693142401078,36.24786375249237,"[-96.30926677407702, 4.561230598109397e-06, 0.0, 36.250199102558604, 0.0, -4.561230598109397e-06]",4326,1024,1024,2019-05-30T17:35:04.000Z,train,0,0.0
midwest-flooding_00000167,xBD,midwest-flooding,flooding,Flood,Low,Flood_Low,damaged_building_fraction,0.0,3,0,0,0,0,train/images/midwest-flooding_00000167_pre_disaster.png,train/images/midwest-flooding_00000167_post_disaster.png,train/targets/midwest-flooding_00000167_post_disaster_target.png,True,-96.35291612929792,36.26362700829277,"[-96.35525192410613, 4.562099234777115e-06, 0.0, 36.265962803100976, 0.0, -4.562099234777115e-06]",4326,1024,1024,2019-05-30T17:35:04.000Z,train,0,0.0
midwest-flooding_00000168,xBD,midwest-flooding,flooding,Flood,Severe,Flood_Severe,damaged_building_fraction,1.0,1,1,0,0,1,train/images/midwest-flooding_00000168_pre_disaster.png,train/images/midwest-flooding_00000168_post_disaster.png,train/targets/midwest-flooding_00000168_post_disaster_target.png,True,-96.27640401182067,36.23462296334768,"[-96.27873894777272, 4.560421781335295e-06, 0.0, 36.23695789929972, 0.0, -4.560421781335295e-06]",4326,1024,1024,2019-05-30T17:35:04.000Z,train,0,0.0004730224609375
midwest-flooding_00000170,xBD,midwest-flooding,flooding,Flood,Moderate,Flood_Moderate,damaged_building_fraction,0.2631578947368421,19,5,4,1,0,train/images/midwest-flooding_00000170_pre_disaster.png,train/images/midwest-flooding_00000170_post_disaster.png,train/targets/midwest-flooding_00000170_post_disaster_target.png,True,-96.34775463026097,36.26351270588297,"[-96.35009039063154, 4.562031973807109e-06, 0.0, 36.26584846625356, 0.0, -4.562031973807109e-06]",4326,1024,1024,2019-05-30T17:35:04.000Z,train,4,0.0025787353515625
midwest-flooding_00000171,xBD,midwest-flooding,flooding,Flood,Low,Flood_Low,damaged_building_fraction,0.0,1,0,0,0,0,train/images/midwest-flooding_00000171_pre_disaster.png,train/images/midwest-flooding_00000171_post_disaster.png,train/targets/midwest-flooding_00000171_post_disaster_target.png,True,-96.29661043465867,36.247631032116615,"[-96.29894571563506, 4.561095656973494e-06, 0.0, 36.24996631309298, 0.0, -4.561095656973494e-06]",4326,1024,1024,2019-05-30T17:35:04.000Z,val,3,0.0
midwest-flooding_00000172,xBD,midwest-flooding,flooding,Flood,Severe,Flood_Severe,damaged_building_fraction,0.3863636363636363,44,17,10,4,3,train/images/midwest-flooding_00000172_pre_disaster.png,train/images/midwest-flooding_00000172_post_disaster.png,train/targets/midwest-flooding_00000172_post_disaster_target.png,True,-96.3425931603501,36.26339818103269,"[-96.34492888626757, 4.561964682541423e-06, 0.0, 36.26573390695015, 0.0, -4.561964682541423e-06]",4326,1024,1024,2019-05-30T17:35:04.000Z,test,-1,0.0048065185546875
midwest-flooding_00000173,xBD,midwest-flooding,flooding,Flood,Moderate,Flood_Moderate,damaged_building_fraction,0.1428571428571428,21,3,0,2,1,train/images/midwest-flooding_00000173_pre_disaster.png,train/images/midwest-flooding_00000173_post_disaster.png,train/targets/midwest-flooding_00000173_post_disaster_target.png,True,-96.3851395773692,36.22668673545778,"[-96.38747495616927, 4.561286718918217e-06, 0.0, 36.229022114257866, 0.0, -4.561286718918217e-06]",4326,1024,1024,2019-05-30T17:35:04.000Z,val,0,0.0013885498046875
midwest-flooding_00000175,xBD,midwest-flooding,flooding,Flood,Moderate,Flood_Moderate,damaged_building_fraction,0.2666666666666666,30,8,4,2,2,train/images/midwest-flooding_00000175_pre_disaster.png,train/images/midwest-flooding_00000175_post_disaster.png,train/targets/midwest-flooding_00000175_post_disaster_target.png,True,-96.3799803726368,36.22657392221432,"[-96.38231571720262, 4.5612198551306855e-06, 0.0, 36.22890926678014, 0.0, -4.5612198551306855e-06]",4326,1024,1024,2019-05-30T17:35:04.000Z,train,1,0.008544921875
midwest-flooding_00000178,xBD,midwest-flooding,flooding,Flood,Low,Flood_Low,damaged_building_fraction,0.0,5,0,0,0,0,train/images/midwest-flooding_00000178_pre_disaster.png,train/images/midwest-flooding_00000178_post_disaster.png,train/targets/midwest-flooding_00000178_post_disaster_target.png,True,-96.25576615675666,36.23415151347441,"[-96.2581009542431, 4.5601513407106124e-06, 0.0, 36.23648631096085, 0.0, -4.5601513407106124e-06]",4326,1024,1024,2019-05-30T17:35:04.000Z,train,3,0.0
midwest-flooding_00000181,xBD,midwest-flooding,flooding,Flood,Severe,Flood_Severe,damaged_building_fraction,0.40625,32,13,1,12,0,train/images/midwest-flooding_00000181_pre_disaster.png,train/images/midwest-flooding_00000181_post_disaster.png,train/targets/midwest-flooding_00000181_post_disaster_target.png,True,-96.25547386143992,36.242511347179466,"[-96.25780879658572, 4.560420206668257e-06, 0.0, 36.24484628232528, 0.0, -4.560420206668257e-06]",4326,1024,1024,2019-05-30T17:35:04.000Z,test,-1,0.0078277587890625
midwest-flooding_00000183,xBD,midwest-flooding,flooding,Flood,Low,Flood_Low,damaged_building_fraction,0.0,5,0,0,0,0,train/images/midwest-flooding_00000183_pre_disaster.png,train/images/midwest-flooding_00000183_post_disaster.png,train/targets/midwest-flooding_00000183_post_disaster_target.png,True,-96.31639449463448,36.27317626233719,"[-96.318730328041, 4.562174622140874e-06, 0.0, 36.27551209574372, 0.0, -4.562174622140874e-06]",4326,1024,1024,2019-05-30T17:35:04.000Z,train,0,0.0
midwest-flooding_00000190,xBD,midwest-flooding,flooding,Flood,Low,Flood_Low,damaged_building_fraction,0.0,5,0,0,0,0,train/images/midwest-flooding_00000190_pre_disaster.png,train/images/midwest-flooding_00000190_post_disaster.png,train/targets/midwest-flooding_00000190_post_disaster_target.png,True,-96.3060700945418,36.27294421970335,"[-96.30840585877296, 4.562039513990841e-06, 0.0, 36.27527998393451, 0.0, -4.562039513990841e-06]",4326,1024,1024,2019-05-30T17:35:04.000Z,test,-1,0.0
midwest-flooding_00000191,xBD,midwest-flooding,flooding,Flood,Low,Flood_Low,damaged_building_fraction,0.0,8,0,0,0,0,train/images/midwest-flooding_00000191_pre_disaster.png,train/images/midwest-flooding_00000191_post_disaster.png,train/targets/midwest-flooding_00000191_post_disaster_target.png,True,-96.354466384407,36.217646378407146,"[-96.35680141959064, 4.5606155930457204e-06, 0.0, 36.21998141359079, 0.0, -4.5606155930457204e-06]",4326,1024,1024,2019-05-30T17:35:04.000Z,test,-1,0.0
midwest-flooding_00000193,xBD,midwest-flooding,flooding,Flood,Low,Flood_Low,damaged_building_fraction,0.0,20,0,0,0,0,train/images/midwest-flooding_00000193_pre_disaster.png,train/images/midwest-flooding_00000193_post_disaster.png,train/targets/midwest-flooding_00000193_post_disaster_target.png,True,-96.32269835796048,36.2398508769122,"[-96.32503367353685, 4.561163235088627e-06, 0.0, 36.24218619248857, 0.0, -4.561163235088627e-06]",4326,1024,1024,2019-05-30T17:35:04.000Z,train,1,0.0
midwest-flooding_00000194,xBD,midwest-flooding,flooding,Flood,Low,Flood_Low,damaged_building_fraction,0.0,8,0,0,0,0,train/images/midwest-flooding_00000194_pre_disaster.png,train/images/midwest-flooding_00000194_post_disaster.png,train/targets/midwest-flooding_00000194_post_disaster_target.png,True,-96.3181095085253,36.223014781464414,"[-96.32044451384765, 4.560557270230076e-06, 0.0, 36.22534978678677, 0.0, -4.560557270230076e-06]",4326,1024,1024,2019-05-30T17:35:04.000Z,train,4,0.0
midwest-flooding_00000196,xBD,midwest-flooding,flooding,Flood,Low,Flood_Low,damaged_building_fraction,0.0,31,0,0,0,0,train/images/midwest-flooding_00000196_pre_disaster.png,train/images/midwest-flooding_00000196_post_disaster.png,train/targets/midwest-flooding_00000196_post_disaster_target.png,True,-96.31753830828882,36.23973532995393,"[-96.319873589399, 4.561095918320327e-06, 0.0, 36.24207061106411, 0.0, -4.561095918320327e-06]",4326,1024,1024,2019-05-30T17:35:04.000Z,val,4,0.0
midwest-flooding_00000197,xBD,midwest-flooding,flooding,Flood,Low,Flood_Low,damaged_building_fraction,0.0,3,0,0,0,0,train/images/midwest-flooding_00000197_pre_disaster.png,train/images/midwest-flooding_00000197_post_disaster.png,train/targets/midwest-flooding_00000197_post_disaster_target.png,True,-96.2852391753624,35.92924505943367,"[-96.28757316584885, 4.558575168854477e-06, 0.0, 35.931579049920124, 0.0, -4.558575168854477e-06]",4326,1024,1024,2019-05-30T17:35:04.000Z,val,1,0.0
midwest-flooding_00000199,xBD,midwest-flooding,flooding,Flood,Low,Flood_Low,damaged_building_fraction,0.0,1,0,0,0,0,train/images/midwest-flooding_00000199_pre_disaster.png,train/images/midwest-flooding_00000199_post_disaster.png,train/targets/midwest-flooding_00000199_post_disaster_target.png,True,-96.27509760637334,36.27224275162485,"[-96.27743316270659, 4.561633463379521e-06, 0.0, 36.2745783079581, 0.0, -4.561633463379521e-06]",4326,1024,1024,2019-05-30T17:35:04.000Z,train,1,0.0
midwest-flooding_00000201,xBD,midwest-flooding,flooding,Flood,Low,Flood_Low,damaged_building_fraction,0.0,8,0,0,0,0,train/images/midwest-flooding_00000201_pre_disaster.png,train/images/midwest-flooding_00000201_post_disaster.png,train/targets/midwest-flooding_00000201_post_disaster_target.png,True,-96.31223514029956,36.24379967169635,"[-96.31457045590027, 4.561163282649552e-06, 0.0, 36.24613498729707, 0.0, -4.561163282649552e-06]",4326,1024,1024,2019-05-30T17:35:04.000Z,train,3,0.0
midwest-flooding_00000202,xBD,midwest-flooding,flooding,Flood,Low,Flood_Low,damaged_building_fraction,0.0,3,0,0,0,0,train/images/midwest-flooding_00000202_pre_disaster.png,train/images/midwest-flooding_00000202_post_disaster.png,train/targets/midwest-flooding_00000202_post_disaster_target.png,True,-96.28083943937348,36.2556402763752,"[-96.28317475447103, 4.561162299917702e-06, 0.0, 36.257975591472764, 0.0, -4.561162299917702e-06]",4326,1024,1024,2019-05-30T17:35:04.000Z,val,1,0.0
midwest-flooding_00000204,xBD,midwest-flooding,flooding,Flood,Low,Flood_Low,damaged_building_fraction,0.0,17,0,0,0,0,train/images/midwest-flooding_00000204_pre_disaster.png,train/images/midwest-flooding_00000204_post_disaster.png,train/targets/midwest-flooding_00000204_post_disaster_target.png,True,-96.28495273076147,35.937620080537066,"[-96.28728685730047, 4.558840896462182e-06, 0.0, 35.939954207076056, 0.0, -4.558840896462182e-06]",4326,1024,1024,2019-05-30T17:35:04.000Z,train,3,0.0
midwest-flooding_00000205,xBD,midwest-flooding,flooding,Flood,Low,Flood_Low,damaged_building_fraction,0.0,24,0,0,0,0,train/images/midwest-flooding_00000205_pre_disaster.png,train/images/midwest-flooding_00000205_post_disaster.png,train/targets/midwest-flooding_00000205_post_disaster_target.png,True,-96.30707487543248,36.24368366260708,"[-96.30941015652377, 4.561095881431653e-06, 0.0, 36.24601894369837, 0.0, -4.561095881431653e-06]",4326,1024,1024,2019-05-30T17:35:04.000Z,test,-1,0.0
midwest-flooding_00000206,xBD,midwest-flooding,flooding,Flood,Moderate,Flood_Moderate,damaged_building_fraction,0.2142857142857142,14,3,1,2,0,train/images/midwest-flooding_00000206_pre_disaster.png,train/images/midwest-flooding_00000206_post_disaster.png,train/targets/midwest-flooding_00000206_post_disaster_target.png,True,-96.2768389422837,36.22208297193354,"[-96.2791736717116, 4.560018413881665e-06, 0.0, 36.224417701361446, 0.0, -4.560018413881665e-06]",4326,1024,1024,2019-05-30T17:35:04.000Z,train,2,0.0037078857421875
midwest-flooding_00000207,xBD,midwest-flooding,flooding,Flood,Moderate,Flood_Moderate,damaged_building_fraction,0.1875,16,3,0,0,3,train/images/midwest-flooding_00000207_pre_disaster.png,train/images/midwest-flooding_00000207_post_disaster.png,train/targets/midwest-flooding_00000207_post_disaster_target.png,True,-96.27168025527808,36.22196549632424,"[-96.27401495014958, 4.559950920903602e-06, 0.0, 36.22430019119574, 0.0, -4.559950920903602e-06]",4326,1024,1024,2019-05-30T17:35:04.000Z,train,2,0.00164794921875
midwest-flooding_00000216,xBD,midwest-flooding,flooding,Flood,Low,Flood_Low,damaged_building_fraction,0.0,12,0,0,0,0,train/images/midwest-flooding_00000216_pre_disaster.png,train/images/midwest-flooding_00000216_post_disaster.png,train/targets/midwest-flooding_00000216_post_disaster_target.png,True,-96.30822142345988,36.21024281997049,"[-96.31055615329153, 4.560019202423665e-06, 0.0, 36.21257754980213, 0.0, -4.560019202423665e-06]",4326,1024,1024,2019-05-30T17:35:04.000Z,train,0,0.0
midwest-flooding_00000217,xBD,midwest-flooding,flooding,Flood,Low,Flood_Low,damaged_building_fraction,0.0,56,0,0,0,0,train/images/midwest-flooding_00000217_pre_disaster.png,train/images/midwest-flooding_00000217_post_disaster.png,train/targets/midwest-flooding_00000217_post_disaster_target.png,True,-96.32341091490927,36.21895009492799,"[-96.3257458857271, 4.560489878556468e-06, 0.0, 36.22128506574581, 0.0, -4.560489878556468e-06]",4326,1024,1024,2019-05-30T17:35:04.000Z,train,2,0.0
midwest-flooding_00000219,xBD,midwest-flooding,flooding,Flood,Low,Flood_Low,damaged_building_fraction,0.0,3,0,0,0,0,train/images/midwest-flooding_00000219_pre_disaster.png,train/images/midwest-flooding_00000219_post_disaster.png,train/targets/midwest-flooding_00000219_post_disaster_target.png,True,-96.32656989910896,35.92598149043636,"[-96.32890409158766, 4.558969684972613e-06, 0.0, 35.92831568291506, 0.0, -4.558969684972613e-06]",4326,1024,1024,2019-05-30T17:35:04.000Z,val,0,0.0
midwest-flooding_00000220,xBD,midwest-flooding,flooding,Flood,Low,Flood_Low,damaged_building_fraction,0.0,6,0,0,0,0,train/images/midwest-flooding_00000220_pre_disaster.png,train/images/midwest-flooding_00000220_post_disaster.png,train/targets/midwest-flooding_00000220_post_disaster_target.png,True,-96.31627283699822,35.92575182663275,"[-96.31860696207053, 4.558838031864046e-06, 0.0, 35.928085951705064, 0.0, -4.558838031864046e-06]",4326,1024,1024,2019-05-30T17:35:04.000Z,train,3,0.0
midwest-flooding_00000221,xBD,midwest-flooding,flooding,Flood,Low,Flood_Low,damaged_building_fraction,0.0,19,0,0,0,0,train/images/midwest-flooding_00000221_pre_disaster.png,train/images/midwest-flooding_00000221_post_disaster.png,train/targets/midwest-flooding_00000221_post_disaster_target.png,True,-96.30277637210584,36.2184869258284,"[-96.3051112052111, 4.560220908731799e-06, 0.0, 36.22082175893367, 0.0, -4.560220908731799e-06]",4326,1024,1024,2019-05-30T17:35:04.000Z,train,1,0.0
midwest-flooding_00000222,xBD,midwest-flooding,flooding,Flood,Low,Flood_Low,damaged_building_fraction,0.0,5,0,0,0,0,train/images/midwest-flooding_00000222_pre_disaster.png,train/images/midwest-flooding_00000222_post_disaster.png,train/targets/midwest-flooding_00000222_post_disaster_target.png,True,-96.31768115248197,36.23555519797399,"[-96.32001636462267, 4.560961212342329e-06, 0.0, 36.23789041011471, 0.0, -4.560961212342329e-06]",4326,1024,1024,2019-05-30T17:35:04.000Z,val,0,0.0
midwest-flooding_00000223,xBD,midwest-flooding,flooding,Flood,Low,Flood_Low,damaged_building_fraction,0.0,25,0,0,0,0,train/images/midwest-flooding_00000223_pre_disaster.png,train/images/midwest-flooding_00000223_post_disaster.png,train/targets/midwest-flooding_00000223_post_disaster_target.png,True,-96.29761781019268,36.218370578368486,"[-96.29995260883113, 4.560153590718563e-06, 0.0, 36.22070537700694, 0.0, -4.560153590718563e-06]",4326,1024,1024,2019-05-30T17:35:04.000Z,train,0,0.0
midwest-flooding_00000225,xBD,midwest-flooding,flooding,Flood,Low,Flood_Low,damaged_building_fraction,0.0,1,0,0,0,0,train/images/midwest-flooding_00000225_pre_disaster.png,train/images/midwest-flooding_00000225_post_disaster.png,train/targets/midwest-flooding_00000225_post_disaster_target.png,True,-96.305691673094,35.93389645063255,"[-96.30802586681712, 4.5589721154900345e-06, 0.0, 35.93623064435568, 0.0, -4.5589721154900345e-06]",4326,1024,1024,2019-05-30T17:35:04.000Z,train,2,0.0
midwest-flooding_00000228,xBD,midwest-flooding,flooding,Flood,Low,Flood_Low,damaged_building_fraction,0.0,3,0,0,0,0,train/images/midwest-flooding_00000228_pre_disaster.png,train/images/midwest-flooding_00000228_post_disaster.png,train/targets/midwest-flooding_00000228_post_disaster_target.png,True,-96.30540733717665,35.94227160665568,"[-96.30774166707809, 4.559238088750822e-06, 0.0, 35.94460593655712, 0.0, -4.559238088750822e-06]",4326,1024,1024,2019-05-30T17:35:04.000Z,train,0,0.0
midwest-flooding_00000229,xBD,midwest-flooding,flooding,Flood,Low,Flood_Low,damaged_building_fraction,0.0,3,0,0,0,0,train/images/midwest-flooding_00000229_pre_disaster.png,train/images/midwest-flooding_00000229_post_disaster.png,train/targets/midwest-flooding_00000229_post_disaster_target.png,True,-96.3002578247655,35.942155932381496,"[-96.30259212086162, 4.559172062738802e-06, 0.0, 35.94449022847762, 0.0, -4.559172062738802e-06]",4326,1024,1024,2019-05-30T17:35:04.000Z,val,3,0.0
midwest-flooding_00000230,xBD,midwest-flooding,flooding,Flood,Moderate,Flood_Moderate,damaged_building_fraction,0.2307692307692307,39,9,0,9,0,train/images/midwest-flooding_00000230_pre_disaster.png,train/images/midwest-flooding_00000230_post_disaster.png,train/targets/midwest-flooding_00000230_post_disaster_target.png,True,-96.2769838593793,36.21790296791018,"[-96.27931851999575, 4.559884016512227e-06, 0.0, 36.22023762852664, 0.0, -4.559884016512227e-06]",4326,1024,1024,2019-05-30T17:35:04.000Z,train,1,0.0039520263671875
midwest-flooding_00000231,xBD,midwest-flooding,flooding,Flood,Low,Flood_Low,damaged_building_fraction,0.0,2,0,0,0,0,train/images/midwest-flooding_00000231_pre_disaster.png,train/images/midwest-flooding_00000231_post_disaster.png,train/targets/midwest-flooding_00000231_post_disaster_target.png,True,-96.29567906366968,35.925289853246106,"[-96.29801305374382, 4.558574363540669e-06, 0.0, 35.92762384332024, 0.0, -4.558574363540669e-06]",4326,1024,1024,2019-05-30T17:35:04.000Z,train,2,0.0
midwest-flooding_00000233,xBD,midwest-flooding,flooding,Flood,Low,Flood_Low,damaged_building_fraction,0.054054054054054,37,2,0,2,0,train/images/midwest-flooding_00000233_pre_disaster.png,train/images/midwest-flooding_00000233_post_disaster.png,train/targets/midwest-flooding_00000233_post_disaster_target.png,True,-96.27182544616711,36.217785510161264,"[-96.27416007223941, 4.559816547466693e-06, 0.0, 36.22012013623357, 0.0, -4.559816547466693e-06]",4326,1024,1024,2019-05-30T17:35:04.000Z,train,4,0.0008392333984375
midwest-flooding_00000234,xBD,midwest-flooding,flooding,Flood,Moderate,Flood_Moderate,damaged_building_fraction,0.1379310344827586,29,4,2,2,0,train/images/midwest-flooding_00000234_pre_disaster.png,train/images/midwest-flooding_00000234_post_disaster.png,train/targets/midwest-flooding_00000234_post_disaster_target.png,True,-96.23516860382766,36.23155347824675,"[-96.2375033401157, 4.560031812579942e-06, 0.0, 36.233888214534794, 0.0, -4.560031812579942e-06]",4326,1024,1024,2019-05-30T17:35:22.000Z,train,4,0.001190185546875
midwest-flooding_00000235,xBD,midwest-flooding,flooding,Flood,Severe,Flood_Severe,damaged_building_fraction,0.5,10,5,0,5,0,train/images/midwest-flooding_00000235_pre_disaster.png,train/images/midwest-flooding_00000235_post_disaster.png,train/targets/midwest-flooding_00000235_post_disaster_target.png,True,-96.2666670628639,36.21766783036677,"[-96.2690016543766, 4.559749048229412e-06, 0.0, 36.22000242187946, 0.0, -4.559749048229412e-06]",4326,1024,1024,2019-05-30T17:35:04.000Z,train,0,0.0018310546875
midwest-flooding_00000236,xBD,midwest-flooding,flooding,Flood,Low,Flood_Low,damaged_building_fraction,0.0833333333333333,12,1,1,0,0,train/images/midwest-flooding_00000236_pre_disaster.png,train/images/midwest-flooding_00000236_post_disaster.png,train/targets/midwest-flooding_00000236_post_disaster_target.png,True,-96.23000922648352,36.23143417366452,"[-96.2323439280575, 4.55996401168764e-06, 0.0, 36.2337688752385, 0.0, -4.55996401168764e-06]",4326,1024,1024,2019-05-30T17:35:22.000Z,train,4,0.000946044921875
midwest-flooding_00000237,xBD,midwest-flooding,flooding,Flood,Low,Flood_Low,damaged_building_fraction,0.0204081632653061,49,1,1,0,0,train/images/midwest-flooding_00000237_pre_disaster.png,train/images/midwest-flooding_00000237_post_disaster.png,train/targets/midwest-flooding_00000237_post_disaster_target.png,True,-96.26150870952596,36.21754992853077,"[-96.2638432664636, 4.5596815188152224e-06, 0.0, 36.219884485468405, 0.0, -4.5596815188152224e-06]",4326,1024,1024,2019-05-30T17:35:04.000Z,train,4,0.002044677734375
midwest-flooding_00000238,xBD,midwest-flooding,flooding,Flood,Severe,Flood_Severe,damaged_building_fraction,0.3888888888888889,18,7,1,6,0,train/images/midwest-flooding_00000238_pre_disaster.png,train/images/midwest-flooding_00000238_post_disaster.png,train/targets/midwest-flooding_00000238_post_disaster_target.png,True,-96.25635038620956,36.21743180465738,"[-96.25868490855666, 4.5596139592038265e-06, 0.0, 36.21976632700449, 0.0, -4.5596139592038265e-06]",4326,1024,1024,2019-05-30T17:35:04.000Z,train,3,0.0030059814453125
midwest-flooding_00000239,xBD,midwest-flooding,flooding,Flood,Moderate,Flood_Moderate,damaged_building_fraction,0.2,15,3,1,2,0,train/images/midwest-flooding_00000239_pre_disaster.png,train/images/midwest-flooding_00000239_post_disaster.png,train/targets/midwest-flooding_00000239_post_disaster_target.png,True,-96.23030412746049,36.223074100159344,"[-96.23263869155974, 4.559695506366757e-06, 0.0, 36.2254086642586, 0.0, -4.559695506366757e-06]",4326,1024,1024,2019-05-30T17:35:22.000Z,train,1,0.002410888671875
midwest-flooding_00000242,xBD,midwest-flooding,flooding,Flood,Severe,Flood_Severe,damaged_building_fraction,1.0,2,2,2,0,0,train/images/midwest-flooding_00000242_pre_disaster.png,train/images/midwest-flooding_00000242_post_disaster.png,train/targets/midwest-flooding_00000242_post_disaster_target.png,True,-96.37274973692492,36.20126827765046,"[-96.37508563120213, 4.56229351017113e-06, 0.0, 36.20360417192767, 0.0, -4.56229351017113e-06]",4326,1024,1024,2019-05-30T17:35:04.000Z,train,4,0.0017242431640625
midwest-flooding_00000244,xBD,midwest-flooding,flooding,Flood,Moderate,Flood_Moderate,damaged_building_fraction,0.3,10,3,1,0,2,train/images/midwest-flooding_00000244_pre_disaster.png,train/images/midwest-flooding_00000244_post_disaster.png,train/targets/midwest-flooding_00000244_post_disaster_target.png,True,-96.36214959006551,36.209405265653366,"[-96.36448555387946, 4.5624293241149735e-06, 0.0, 36.211741229467314, 0.0, -4.5624293241149735e-06]",4326,1024,1024,2019-05-30T17:35:04.000Z,train,0,0.00079345703125
midwest-flooding_00000246,xBD,midwest-flooding,flooding,Flood,Low,Flood_Low,damaged_building_fraction,0.0,7,0,0,0,0,train/images/midwest-flooding_00000246_pre_disaster.png,train/images/midwest-flooding_00000246_post_disaster.png,train/targets/midwest-flooding_00000246_post_disaster_target.png,True,-96.30068509751317,35.92959324622091,"[-96.30301918940009, 4.558773216678646e-06, 0.0, 35.93192733810785, 0.0, -4.558773216678646e-06]",4326,1024,1024,2019-05-30T17:35:04.000Z,train,4,0.0
midwest-flooding_00000247,xBD,midwest-flooding,flooding,Flood,Low,Flood_Low,damaged_building_fraction,0.1,30,3,2,0,1,train/images/midwest-flooding_00000247_pre_disaster.png,train/images/midwest-flooding_00000247_post_disaster.png,train/targets/midwest-flooding_00000247_post_disaster_target.png,True,-96.33663220730824,36.20047031165144,"[-96.33896786164672, 4.561824879883789e-06, 0.0, 36.20280596598994, 0.0, -4.561824879883789e-06]",4326,1024,1024,2019-05-30T17:35:04.000Z,train,4,0.00146484375
midwest-flooding_00000249,xBD,midwest-flooding,flooding,Flood,Moderate,Flood_Moderate,damaged_building_fraction,0.2083333333333333,24,5,0,2,3,train/images/midwest-flooding_00000249_pre_disaster.png,train/images/midwest-flooding_00000249_post_disaster.png,train/targets/midwest-flooding_00000249_post_disaster_target.png,True,-96.37372747250512,36.17199439191247,"[-96.37606288403896, 4.561350652052908e-06, 0.0, 36.17432980344632, 0.0, -4.561350652052908e-06]",4326,1024,1024,2019-05-30T17:35:04.000Z,test,-1,0.000885009765625
midwest-flooding_00000251,xBD,midwest-flooding,flooding,Flood,Low,Flood_Low,damaged_building_fraction,0.1,10,1,1,0,0,train/images/midwest-flooding_00000251_pre_disaster.png,train/images/midwest-flooding_00000251_post_disaster.png,train/targets/midwest-flooding_00000251_post_disaster_target.png,True,-96.33147267658596,36.20035542800763,"[-96.33380829658549, 4.561757811539403e-06, 0.0, 36.20269104800714, 0.0, -4.561757811539403e-06]",4326,1024,1024,2019-05-30T17:35:04.000Z,train,0,0.000640869140625
midwest-flooding_00000252,xBD,midwest-flooding,flooding,Flood,Low,Flood_Low,damaged_building_fraction,0.0166666666666666,60,1,0,0,1,train/images/midwest-flooding_00000252_pre_disaster.png,train/images/midwest-flooding_00000252_post_disaster.png,train/targets/midwest-flooding_00000252_post_disaster_target.png,True,-96.36425208075632,36.146675925754856,"[-96.36658701093657, 4.560410508317477e-06, 0.0, 36.14901085593512, 0.0, -4.560410508317477e-06]",4326,1024,1024,2019-05-30T17:35:04.000Z,test,-1,0.000152587890625
midwest-flooding_00000253,xBD,midwest-flooding,flooding,Flood,Low,Flood_Low,damaged_building_fraction,0.0246913580246913,81,2,0,1,1,train/images/midwest-flooding_00000253_pre_disaster.png,train/images/midwest-flooding_00000253_post_disaster.png,train/targets/midwest-flooding_00000253_post_disaster_target.png,True,-96.36856965403594,36.171881183828205,"[-96.37090503142481, 4.561283962642529e-06, 0.0, 36.17421656121708, 0.0, -4.561283962642529e-06]",4326,1024,1024,2019-05-30T17:35:04.000Z,train,1,0.0005950927734375
midwest-flooding_00000255,xBD,midwest-flooding,flooding,Flood,Moderate,Flood_Moderate,damaged_building_fraction,0.1428571428571428,7,1,1,0,0,train/images/midwest-flooding_00000255_pre_disaster.png,train/images/midwest-flooding_00000255_post_disaster.png,train/targets/midwest-flooding_00000255_post_disaster_target.png,True,-96.34150886844763,36.20894870189873,"[-96.34384469502488, 4.562161283653849e-06, 0.0, 36.21128452847596, 0.0, -4.562161283653849e-06]",4326,1024,1024,2019-05-30T17:35:04.000Z,train,2,0.000152587890625
midwest-flooding_00000258,xBD,midwest-flooding,flooding,Flood,Low,Flood_Low,damaged_building_fraction,0.0,44,0,0,0,0,train/images/midwest-flooding_00000258_pre_disaster.png,train/images/midwest-flooding_00000258_post_disaster.png,train/targets/midwest-flooding_00000258_post_disaster_target.png,True,-96.36912882040748,36.15515324304134,"[-96.37146392232219, 4.560745927190068e-06, 0.0, 36.157488344956064, 0.0, -4.560745927190068e-06]",4326,1024,1024,2019-05-30T17:35:04.000Z,train,4,0.0
midwest-flooding_00000259,xBD,midwest-flooding,flooding,Flood,Low,Flood_Low,damaged_building_fraction,0.0,55,0,0,0,0,train/images/midwest-flooding_00000259_pre_disaster.png,train/images/midwest-flooding_00000259_post_disaster.png,train/targets/midwest-flooding_00000259_post_disaster_target.png,True,-96.28515907799238,36.192939365061584,"[-96.28749439213298, 4.561160430878227e-06, 0.0, 36.19527467920219, 0.0, -4.561160430878227e-06]",4326,1024,1024,2019-05-30T17:35:04.000Z,train,4,0.0
midwest-flooding_00000263,xBD,midwest-flooding,flooding,Flood,Low,Flood_Low,damaged_building_fraction,0.0,19,0,0,0,0,train/images/midwest-flooding_00000263_pre_disaster.png,train/images/midwest-flooding_00000263_post_disaster.png,train/targets/midwest-flooding_00000263_post_disaster_target.png,True,-96.3804159096578,36.12610503121495,"[-96.38275059807697, 4.559938318648363e-06, 0.0, 36.128439719634095, 0.0, -4.559938318648363e-06]",4326,1024,1024,2019-05-30T17:35:04.000Z,train,0,0.0
midwest-flooding_00000264,xBD,midwest-flooding,flooding,Flood,Moderate,Flood_Moderate,damaged_building_fraction,0.1578947368421052,19,3,0,1,2,train/images/midwest-flooding_00000264_pre_disaster.png,train/images/midwest-flooding_00000264_post_disaster.png,train/targets/midwest-flooding_00000264_post_disaster_target.png,True,-96.3680100264922,36.1886090700555,"[-96.37034567959543, 4.561822467266809e-06, 0.0, 36.19094472315874, 0.0, -4.561822467266809e-06]",4326,1024,1024,2019-05-30T17:35:04.000Z,train,0,0.000885009765625
midwest-flooding_00000265,xBD,midwest-flooding,flooding,Flood,Low,Flood_Low,damaged_building_fraction,0.0,15,0,0,0,0,train/images/midwest-flooding_00000265_pre_disaster.png,train/images/midwest-flooding_00000265_post_disaster.png,train/targets/midwest-flooding_00000265_post_disaster_target.png,True,-96.3485022084223,36.15469846866878,"[-96.35083717379705, 4.560479247540205e-06, 0.0, 36.15703343404352, 0.0, -4.560479247540205e-06]",4326,1024,1024,2019-05-30T17:35:04.000Z,train,3,0.0
midwest-flooding_00000267,xBD,midwest-flooding,flooding,Flood,Low,Flood_Low,damaged_building_fraction,0.0,17,0,0,0,0,train/images/midwest-flooding_00000267_pre_disaster.png,train/images/midwest-flooding_00000267_post_disaster.png,train/targets/midwest-flooding_00000267_post_disaster_target.png,True,-96.37526106699224,36.12599223409133,"[-96.37759572141573, 4.559871920885549e-06, 0.0, 36.12832688851482, 0.0, -4.559871920885549e-06]",4326,1024,1024,2019-05-30T17:35:04.000Z,test,-1,0.0
midwest-flooding_00000268,xBD,midwest-flooding,flooding,Flood,Severe,Flood_Severe,damaged_building_fraction,1.0,1,1,0,1,0,train/images/midwest-flooding_00000268_pre_disaster.png,train/images/midwest-flooding_00000268_post_disaster.png,train/targets/midwest-flooding_00000268_post_disaster_target.png,True,-96.36285114263772,36.188495570996544,"[-96.36518676153167, 4.561755652250369e-06, 0.0, 36.190831189890496, 0.0, -4.561755652250369e-06]",4326,1024,1024,2019-05-30T17:35:04.000Z,train,3,0.000274658203125
midwest-flooding_00000269,xBD,midwest-flooding,flooding,Flood,Low,Flood_Low,damaged_building_fraction,0.0,25,0,0,0,0,train/images/midwest-flooding_00000269_pre_disaster.png,train/images/midwest-flooding_00000269_post_disaster.png,train/targets/midwest-flooding_00000269_post_disaster_target.png,True,-96.284870221628,36.20130310764686,"[-96.28720567338134, 4.5614292057450765e-06, 0.0, 36.2036385594002, 0.0, -4.5614292057450765e-06]",4326,1024,1024,2019-05-30T17:35:04.000Z,val,2,0.0
midwest-flooding_00000270,xBD,midwest-flooding,flooding,Flood,Low,Flood_Low,damaged_building_fraction,0.0833333333333333,24,2,1,1,0,train/images/midwest-flooding_00000270_pre_disaster.png,train/images/midwest-flooding_00000270_post_disaster.png,train/targets/midwest-flooding_00000270_post_disaster_target.png,True,-96.33246573496577,36.17108251412342,"[-96.33480087290575, 4.560816289046598e-06, 0.0, 36.173417652063414, 0.0, -4.560816289046598e-06]",4326,1024,1024,2019-05-30T17:35:04.000Z,train,0,0.000518798828125
midwest-flooding_00000272,xBD,midwest-flooding,flooding,Flood,Low,Flood_Low,damaged_building_fraction,0.0,3,0,0,0,0,train/images/midwest-flooding_00000272_pre_disaster.png,train/images/midwest-flooding_00000272_post_disaster.png,train/targets/midwest-flooding_00000272_post_disaster_target.png,True,-96.27455103721172,36.20106863985299,"[-96.27688641994314, 4.561294397288611e-06, 0.0, 36.2034040225844, 0.0, -4.561294397288611e-06]",4326,1024,1024,2019-05-30T17:35:04.000Z,test,-1,0.0
midwest-flooding_00000273,xBD,midwest-flooding,flooding,Flood,Low,Flood_Low,damaged_building_fraction,0.0,6,0,0,0,0,train/images/midwest-flooding_00000273_pre_disaster.png,train/images/midwest-flooding_00000273_post_disaster.png,train/targets/midwest-flooding_00000273_post_disaster_target.png,True,-96.37498249017166,36.13435629344429,"[-96.37731728211662, 4.560140517499282e-06, 0.0, 36.136691085389245, 0.0, -4.560140517499282e-06]",4326,1024,1024,2019-05-30T17:35:04.000Z,train,1,0.0
midwest-flooding_00000275,xBD,midwest-flooding,flooding,Flood,Low,Flood_Low,damaged_building_fraction,0.0,22,0,0,0,0,train/images/midwest-flooding_00000275_pre_disaster.png,train/images/midwest-flooding_00000275_post_disaster.png,train/targets/midwest-flooding_00000275_post_disaster_target.png,True,-96.3777699818764,36.20556337149336,"[-96.38010597940422, 4.56249517151367e-06, 0.0, 36.20789936902118, 0.0, -4.56249517151367e-06]",4326,1024,1024,2019-05-30T17:35:04.000Z,test,-1,0.0
midwest-flooding_00000276,xBD,midwest-flooding,flooding,Flood,Moderate,Flood_Moderate,damaged_building_fraction,0.2941176470588235,17,5,2,2,1,train/images/midwest-flooding_00000276_pre_disaster.png,train/images/midwest-flooding_00000276_post_disaster.png,train/targets/midwest-flooding_00000276_post_disaster_target.png,True,-96.34948728530313,36.12542492548364,"[-96.35182176951598, 4.559539478266597e-06, 0.0, 36.12775940969651, 0.0, -4.559539478266597e-06]",4326,1024,1024,2019-05-30T17:35:04.000Z,val,3,0.001129150390625
midwest-flooding_00000277,xBD,midwest-flooding,flooding,Flood,Low,Flood_Low,damaged_building_fraction,0.0,17,0,0,0,0,train/images/midwest-flooding_00000277_pre_disaster.png,train/images/midwest-flooding_00000277_post_disaster.png,train/targets/midwest-flooding_00000277_post_disaster_target.png,True,-96.26394080621056,36.2091968694776,"[-96.2662762574327, 4.561428168249722e-06, 0.0, 36.21153232069974, 0.0, -4.561428168249722e-06]",4326,1024,1024,2019-05-30T17:35:04.000Z,train,1,0.0
midwest-flooding_00000279,xBD,midwest-flooding,flooding,Flood,Low,Flood_Low,damaged_building_fraction,0.0,13,0,0,0,0,train/images/midwest-flooding_00000279_pre_disaster.png,train/images/midwest-flooding_00000279_post_disaster.png,train/targets/midwest-flooding_00000279_post_disaster_target.png,True,-96.25878077110902,36.20907882230779,"[-96.26111618774152, 4.561360610374296e-06, 0.0, 36.2114142389403, 0.0, -4.561360610374296e-06]",4326,1024,1024,2019-05-30T17:35:04.000Z,test,-1,0.0
midwest-flooding_00000281,xBD,midwest-flooding,flooding,Flood,Low,Flood_Low,damaged_building_fraction,0.0,36,0,0,0,0,train/images/midwest-flooding_00000281_pre_disaster.png,train/images/midwest-flooding_00000281_post_disaster.png,train/targets/midwest-flooding_00000281_post_disaster_target.png,True,-96.33917797510608,36.1251964513857,"[-96.34151239112632, 4.559406289552075e-06, 0.0, 36.12753086740595, 0.0, -4.559406289552075e-06]",4326,1024,1024,2019-05-30T17:35:04.000Z,test,-1,0.0
midwest-flooding_00000282,xBD,midwest-flooding,flooding,Flood,Low,Flood_Low,damaged_building_fraction,0.0476190476190476,21,1,1,0,0,train/images/midwest-flooding_00000282_pre_disaster.png,train/images/midwest-flooding_00000282_post_disaster.png,train/targets/midwest-flooding_00000282_post_disaster_target.png,True,-96.36228995842409,36.20522333354916,"[-96.36462585322396, 4.562294531022677e-06, 0.0, 36.20755922834904, 0.0, -4.562294531022677e-06]",4326,1024,1024,2019-05-30T17:35:04.000Z,train,2,0.0003509521484375
midwest-flooding_00000283,xBD,midwest-flooding,flooding,Flood,Low,Flood_Low,damaged_building_fraction,0.0,17,0,0,0,0,train/images/midwest-flooding_00000283_pre_disaster.png,train/images/midwest-flooding_00000283_post_disaster.png,train/targets/midwest-flooding_00000283_post_disaster_target.png,True,-96.31654219531656,36.18109126698706,"[-96.31887750947749, 4.561160470556536e-06, 0.0, 36.183426581147984, 0.0, -4.561160470556536e-06]",4326,1024,1024,2019-05-30T17:35:04.000Z,val,4,0.0
midwest-flooding_00000285,xBD,midwest-flooding,flooding,Flood,Low,Flood_Low,damaged_building_fraction,0.0,11,0,0,0,0,train/images/midwest-flooding_00000285_pre_disaster.png,train/images/midwest-flooding_00000285_post_disaster.png,train/targets/midwest-flooding_00000285_post_disaster_target.png,True,-96.35713000838876,36.2051095432206,"[-96.35946586891497, 4.5622275902478355e-06, 0.0, 36.20744540374681, 0.0, -4.5622275902478355e-06]",4326,1024,1024,2019-05-30T17:35:04.000Z,train,1,0.0
midwest-flooding_00000289,xBD,midwest-flooding,flooding,Flood,Low,Flood_Low,damaged_building_fraction,0.0526315789473684,38,2,2,0,0,train/images/midwest-flooding_00000289_pre_disaster.png,train/images/midwest-flooding_00000289_post_disaster.png,train/targets/midwest-flooding_00000289_post_disaster_target.png,True,-96.32084574604934,36.20629873805722,"[-96.32318150780627, 4.562034681498543e-06, 0.0, 36.208634499814146, 0.0, -4.562034681498543e-06]",4326,1024,1024,2019-05-30T17:35:04.000Z,train,4,0.0010223388671875
midwest-flooding_00000290,xBD,midwest-flooding,flooding,Flood,Severe,Flood_Severe,damaged_building_fraction,1.0,1,1,0,0,1,train/images/midwest-flooding_00000290_pre_disaster.png,train/images/midwest-flooding_00000290_post_disaster.png,train/targets/midwest-flooding_00000290_post_disaster_target.png,True,-96.37874600305985,36.17628938918863,"[-96.38108151765361, 4.561551940943326e-06, 0.0, 36.178624903782385, 0.0, -4.561551940943326e-06]",4326,1024,1024,2019-05-30T17:35:04.000Z,test,-1,0.0013427734375
midwest-flooding_00000293,xBD,midwest-flooding,flooding,Flood,Moderate,Flood_Moderate,damaged_building_fraction,0.25,4,1,1,0,0,train/images/midwest-flooding_00000293_pre_disaster.png,train/images/midwest-flooding_00000293_post_disaster.png,train/targets/midwest-flooding_00000293_post_disaster_target.png,True,-96.37985973295103,36.14283320501843,"[-96.38219469652168, 4.560475723891269e-06, 0.0, 36.14516816858906, 0.0, -4.560475723891269e-06]",4326,1024,1024,2019-05-30T17:35:04.000Z,test,-1,0.0009002685546875
midwest-flooding_00000299,xBD,midwest-flooding,flooding,Flood,Low,Flood_Low,damaged_building_fraction,0.0862068965517241,58,5,3,2,0,train/images/midwest-flooding_00000299_pre_disaster.png,train/images/midwest-flooding_00000299_post_disaster.png,train/targets/midwest-flooding_00000299_post_disaster_target.png,True,-96.36954789277507,36.142607251656365,"[-96.3718827882417, 4.560342708255534e-06, 0.0, 36.14494214712299, 0.0, -4.560342708255534e-06]",4326,1024,1024,2019-05-30T17:35:04.000Z,val,0,0.0033416748046875
midwest-flooding_00000301,xBD,midwest-flooding,flooding,Flood,Low,Flood_Low,damaged_building_fraction,0.0547945205479452,73,4,0,0,4,train/images/midwest-flooding_00000301_pre_disaster.png,train/images/midwest-flooding_00000301_post_disaster.png,train/targets/midwest-flooding_00000301_post_disaster_target.png,True,-96.373308615694,36.18454036339724,"[-96.37564423402767, 4.561754557983734e-06, 0.0, 36.18687598173093, 0.0, -4.561754557983734e-06]",4326,1024,1024,2019-05-30T17:35:04.000Z,train,1,0.000885009765625
midwest-flooding_00000303,xBD,midwest-flooding,flooding,Flood,Low,Flood_Low,damaged_building_fraction,0.05,20,1,0,0,1,train/images/midwest-flooding_00000303_pre_disaster.png,train/images/midwest-flooding_00000303_post_disaster.png,train/targets/midwest-flooding_00000303_post_disaster_target.png,True,-96.274985919312,36.18852312781655,"[-96.27732109572023, 4.560891422349938e-06, 0.0, 36.1908583042248, 0.0, -4.560891422349938e-06]",4326,1024,1024,2019-05-30T17:35:04.000Z,train,2,0.00030517578125
midwest-flooding_00000304,xBD,midwest-flooding,flooding,Flood,Low,Flood_Low,damaged_building_fraction,0.0,87,0,0,0,0,train/images/midwest-flooding_00000304_pre_disaster.png,train/images/midwest-flooding_00000304_post_disaster.png,train/targets/midwest-flooding_00000304_post_disaster_target.png,True,-96.35923616772465,36.14238041161915,"[-96.36157099502529, 4.5602095715575205e-06, 0.0, 36.14471523891979, 0.0, -4.5602095715575205e-06]",4326,1024,1024,2019-05-30T17:35:04.000Z,train,4,0.0
midwest-flooding_00000308,xBD,midwest-flooding,flooding,Flood,Low,Flood_Low,damaged_building_fraction,0.0,6,0,0,0,0,train/images/midwest-flooding_00000308_pre_disaster.png,train/images/midwest-flooding_00000308_post_disaster.png,train/targets/midwest-flooding_00000308_post_disaster_target.png,True,-96.3496278945987,36.12124297708347,"[-96.35196231013403, 4.559405342437965e-06, 0.0, 36.1235773926188, 0.0, -4.559405342437965e-06]",4326,1024,1024,2019-05-30T17:35:04.000Z,train,3,0.0
midwest-flooding_00000310,xBD,midwest-flooding,flooding,Flood,Low,Flood_Low,damaged_building_fraction,0.0,18,0,0,0,0,train/images/midwest-flooding_00000310_pre_disaster.png,train/images/midwest-flooding_00000310_post_disaster.png,train/targets/midwest-flooding_00000310_post_disaster_target.png,True,-96.38543205264158,36.1303996724975,"[-96.38776684381841, 4.560139017250233e-06, 0.0, 36.13273446367433, 0.0, -4.560139017250233e-06]",4326,1024,1024,2019-05-30T17:35:04.000Z,train,1,0.0
midwest-flooding_00000313,xBD,midwest-flooding,flooding,Flood,Low,Flood_Low,damaged_building_fraction,0.0,90,0,0,0,0,train/images/midwest-flooding_00000313_pre_disaster.png,train/images/midwest-flooding_00000313_post_disaster.png,train/targets/midwest-flooding_00000313_post_disaster_target.png,True,-96.38027690846292,36.13028707977181,"[-96.38261166564745, 4.560072626039809e-06, 0.0, 36.132621836956346, 0.0, -4.560072626039809e-06]",4326,1024,1024,2019-05-30T17:35:04.000Z,train,3,0.0
midwest-flooding_00000314,xBD,midwest-flooding,flooding,Flood,Low,Flood_Low,damaged_building_fraction,0.0769230769230769,26,2,2,0,0,train/images/midwest-flooding_00000314_pre_disaster.png,train/images/midwest-flooding_00000314_post_disaster.png,train/targets/midwest-flooding_00000314_post_disaster_target.png,True,-96.37512179293527,36.130174265470615,"[-96.377456516112, 4.560006204561841e-06, 0.0, 36.13250898864735, 0.0, -4.560006204561841e-06]",4326,1024,1024,2019-05-30T17:35:04.000Z,train,1,0.001129150390625
midwest-flooding_00000316,xBD,midwest-flooding,flooding,Flood,Low,Flood_Low,damaged_building_fraction,0.0,8,0,0,0,0,train/images/midwest-flooding_00000316_pre_disaster.png,train/images/midwest-flooding_00000316_post_disaster.png,train/targets/midwest-flooding_00000316_post_disaster_target.png,True,-96.2328132802144,36.21054191394256,"[-96.23514866981512, 4.561307813922008e-06, 0.0, 36.21287730354329, 0.0, -4.561307813922008e-06]",4326,1024,1024,2019-05-30T17:35:22.000Z,train,3,0.0
midwest-flooding_00000317,xBD,midwest-flooding,flooding,Flood,Severe,Flood_Severe,damaged_building_fraction,1.0,1,1,0,0,1,train/images/midwest-flooding_00000317_pre_disaster.png,train/images/midwest-flooding_00000317_post_disaster.png,train/targets/midwest-flooding_00000317_post_disaster_target.png,True,-96.32671698094168,36.18550402975735,"[-96.32905243260625, 4.561429032376292e-06, 0.0, 36.187839481421925, 0.0, -4.561429032376292e-06]",4326,1024,1024,2019-05-30T17:35:04.000Z,val,4,0.0006103515625
midwest-flooding_00000318,xBD,midwest-flooding,flooding,Flood,Low,Flood_Low,damaged_building_fraction,0.0,2,0,0,0,0,train/images/midwest-flooding_00000318_pre_disaster.png,train/images/midwest-flooding_00000318_post_disaster.png,train/targets/midwest-flooding_00000318_post_disaster_target.png,True,-96.22765304253493,36.21042251505214,"[-96.22998839744356, 4.5612400559557e-06, 0.0, 36.21275786996079, 0.0, -4.5612400559557e-06]",4326,1024,1024,2019-05-30T17:35:22.000Z,train,2,0.0
midwest-flooding_00000319,xBD,midwest-flooding,flooding,Flood,Low,Flood_Low,damaged_building_fraction,0.0,2,0,0,0,0,train/images/midwest-flooding_00000319_pre_disaster.png,train/images/midwest-flooding_00000319_post_disaster.png,train/targets/midwest-flooding_00000319_post_disaster_target.png,True,-96.32326520593384,36.13520444313325,"[-96.32559979818133, 4.559750483392026e-06, 0.0, 36.13753903538075, 0.0, -4.559750483392026e-06]",4326,1024,1024,2019-05-30T17:35:04.000Z,val,3,0.0
midwest-flooding_00000320,xBD,midwest-flooding,flooding,Flood,Moderate,Flood_Moderate,damaged_building_fraction,0.1470588235294117,34,5,3,2,0,train/images/midwest-flooding_00000320_pre_disaster.png,train/images/midwest-flooding_00000320_post_disaster.png,train/targets/midwest-flooding_00000320_post_disaster_target.png,True,-96.35450161845723,36.12972079258926,"[-96.35683620544786, 4.559740216066058e-06, 0.0, 36.13205537957989, 0.0, -4.559740216066058e-06]",4326,1024,1024,2019-05-30T17:35:04.000Z,train,2,0.0037078857421875
midwest-flooding_00000322,xBD,midwest-flooding,flooding,Flood,Low,Flood_Low,damaged_building_fraction,0.0,25,0,0,0,0,train/images/midwest-flooding_00000322_pre_disaster.png,train/images/midwest-flooding_00000322_post_disaster.png,train/targets/midwest-flooding_00000322_post_disaster_target.png,True,-96.23841444027204,36.19811537642808,"[-96.24074965835264, 4.560972813654823e-06, 0.0, 36.200450594508666, 0.0, -4.560972813654823e-06]",4326,1024,1024,2019-05-30T17:35:22.000Z,train,0,0.0
midwest-flooding_00000326,xBD,midwest-flooding,flooding,Flood,Severe,Flood_Severe,damaged_building_fraction,1.0,2,2,0,2,0,train/images/midwest-flooding_00000326_pre_disaster.png,train/images/midwest-flooding_00000326_post_disaster.png,train/targets/midwest-flooding_00000326_post_disaster_target.png,True,-96.33903679118404,36.12937836157827,"[-96.34137127587248, 4.5595404071331644e-06, 0.0, 36.13171284626672, 0.0, -4.5595404071331644e-06]",4326,1024,1024,2019-05-30T17:35:04.000Z,val,2,0.0052642822265625
midwest-flooding_00000328,xBD,midwest-flooding,flooding,Flood,Moderate,Flood_Moderate,damaged_building_fraction,0.2222222222222222,9,2,0,2,0,train/images/midwest-flooding_00000328_pre_disaster.png,train/images/midwest-flooding_00000328_post_disaster.png,train/targets/midwest-flooding_00000328_post_disaster_target.png,True,-96.23296054838173,36.206360030789085,"[-96.23529586924752, 4.56117356604901e-06, 0.0, 36.2086953516549, 0.0, -4.56117356604901e-06]",4326,1024,1024,2019-05-30T17:35:22.000Z,val,4,0.0028533935546875
midwest-flooding_00000330,xBD,midwest-flooding,flooding,Flood,Severe,Flood_Severe,damaged_building_fraction,1.0,4,4,0,2,2,train/images/midwest-flooding_00000330_pre_disaster.png,train/images/midwest-flooding_00000330_post_disaster.png,train/targets/midwest-flooding_00000330_post_disaster_target.png,True,-96.32872705174124,36.12914896651133,"[-96.33106146815088, 4.559407050037328e-06, 0.0, 36.13148338292095, 0.0, -4.559407050037328e-06]",4326,1024,1024,2019-05-30T17:35:04.000Z,test,-1,0.00079345703125
midwest-flooding_00000331,xBD,midwest-flooding,flooding,Flood,Moderate,Flood_Moderate,damaged_building_fraction,0.1470588235294117,34,5,1,4,0,train/images/midwest-flooding_00000331_pre_disaster.png,train/images/midwest-flooding_00000331_post_disaster.png,train/targets/midwest-flooding_00000331_post_disaster_target.png,True,-96.22780058456468,36.20624065006208,"[-96.23013587075069, 4.561105832057711e-06, 0.0, 36.20857593624809, 0.0, -4.561105832057711e-06]",4326,1024,1024,2019-05-30T17:35:22.000Z,train,3,0.0056610107421875
midwest-flooding_00000337,xBD,midwest-flooding,flooding,Flood,Low,Flood_Low,damaged_building_fraction,0.0,10,0,0,0,0,train/images/midwest-flooding_00000337_pre_disaster.png,train/images/midwest-flooding_00000337_post_disaster.png,train/targets/midwest-flooding_00000337_post_disaster_target.png,True,-96.2189599680975,36.16418274594528,"[-96.22129449871672, 4.55963011567098e-06, 0.0, 36.1665172765645, 0.0, -4.55963011567098e-06]",4326,1024,1024,2019-05-30T17:35:22.000Z,train,1,0.0
midwest-flooding_00000338,xBD,midwest-flooding,flooding,Flood,Low,Flood_Low,damaged_building_fraction,0.0,9,0,0,0,0,train/images/midwest-flooding_00000338_pre_disaster.png,train/images/midwest-flooding_00000338_post_disaster.png,train/targets/midwest-flooding_00000338_post_disaster_target.png,True,-96.21822073923336,36.18509202738562,"[-96.22055561274672, 4.560299830779586e-06, 0.0, 36.187426900898984, 0.0, -4.560299830779586e-06]",4326,1024,1024,2019-05-30T17:35:22.000Z,val,3,0.0
midwest-flooding_00000339,xBD,midwest-flooding,flooding,Flood,Low,Flood_Low,damaged_building_fraction,0.0,8,0,0,0,0,train/images/midwest-flooding_00000339_pre_disaster.png,train/images/midwest-flooding_00000339_post_disaster.png,train/targets/midwest-flooding_00000339_post_disaster_target.png,True,-96.21380283100704,36.16406288135185,"[-96.21613732702266, 4.559562530540395e-06, 0.0, 36.16639737736749, 0.0, -4.559562530540395e-06]",4326,1024,1024,2019-05-30T17:35:22.000Z,train,2,0.0
midwest-flooding_00000340,xBD,midwest-flooding,flooding,Flood,Severe,Flood_Severe,damaged_building_fraction,1.0,24,24,5,13,6,train/images/midwest-flooding_00000340_pre_disaster.png,train/images/midwest-flooding_00000340_post_disaster.png,train/targets/midwest-flooding_00000340_post_disaster_target.png,True,-96.27657818853658,36.14252265184818,"[-96.27891260957708, 4.5594160947167475e-06, 0.0, 36.144857072888676, 0.0, -4.5594160947167475e-06]",4326,1024,1024,2019-05-30T17:35:04.000Z,train,0,0.0802459716796875
midwest-flooding_00000343,xBD,midwest-flooding,flooding,Flood,Low,Flood_Low,damaged_building_fraction,0.0,15,0,0,0,0,train/images/midwest-flooding_00000343_pre_disaster.png,train/images/midwest-flooding_00000343_post_disaster.png,train/targets/midwest-flooding_00000343_post_disaster_target.png,True,-96.21836864595356,36.18091017802725,"[-96.2207034508583, 4.560165829568818e-06, 0.0, 36.18324498293199, 0.0, -4.560165829568818e-06]",4326,1024,1024,2019-05-30T17:35:22.000Z,test,-1,0.0
midwest-flooding_00000345,xBD,midwest-flooding,flooding,Flood,Low,Flood_Low,damaged_building_fraction,0.0,15,0,0,0,0,train/images/midwest-flooding_00000345_pre_disaster.png,train/images/midwest-flooding_00000345_post_disaster.png,train/targets/midwest-flooding_00000345_post_disaster_target.png,True,-96.20834903106748,36.17230644488423,"[-96.21068362952812, 4.5597626184216925e-06, 0.0, 36.17464104334486, 0.0, -4.5597626184216925e-06]",4326,1024,1024,2019-05-30T17:35:22.000Z,train,3,0.0
midwest-flooding_00000346,xBD,midwest-flooding,flooding,Flood,Severe,Flood_Severe,damaged_building_fraction,1.0,9,9,4,3,2,train/images/midwest-flooding_00000346_pre_disaster.png,train/images/midwest-flooding_00000346_post_disaster.png,train/targets/midwest-flooding_00000346_post_disaster_target.png,True,-96.32369129016357,36.12265828831854,"[-96.32602567647592, 4.559348266336283e-06, 0.0, 36.1249926746309, 0.0, -4.559348266336283e-06]",4326,1024,1024,2019-05-30T17:35:04.000Z,train,3,0.02264404296875
midwest-flooding_00000347,xBD,midwest-flooding,flooding,Flood,Severe,Flood_Severe,damaged_building_fraction,0.3333333333333333,15,5,5,0,0,train/images/midwest-flooding_00000347_pre_disaster.png,train/images/midwest-flooding_00000347_post_disaster.png,train/targets/midwest-flooding_00000347_post_disaster_target.png,True,-96.29691431565816,36.15135359886411,"[-96.29924901129911, 4.5599524236990625e-06, 0.0, 36.153688294505045, 0.0, -4.5599524236990625e-06]",4326,1024,1024,2019-05-30T17:35:04.000Z,train,1,0.0005035400390625
midwest-flooding_00000348,xBD,midwest-flooding,flooding,Flood,Low,Flood_Low,damaged_building_fraction,0.0,5,0,0,0,0,train/images/midwest-flooding_00000348_pre_disaster.png,train/images/midwest-flooding_00000348_post_disaster.png,train/targets/midwest-flooding_00000348_post_disaster_target.png,True,-96.22278843657772,36.201939196937,"[-96.22512361937304, 4.560903897087625e-06, 0.0, 36.204274379732304, 0.0, -4.560903897087625e-06]",4326,1024,1024,2019-05-30T17:35:22.000Z,train,2,0.0
midwest-flooding_00000350,xBD,midwest-flooding,flooding,Flood,Low,Flood_Low,damaged_building_fraction,0.0769230769230769,13,1,1,0,0,train/images/midwest-flooding_00000350_pre_disaster.png,train/images/midwest-flooding_00000350_post_disaster.png,train/targets/midwest-flooding_00000350_post_disaster_target.png,True,-96.3542208007682,36.138084707014464,"[-96.35655552521304, 4.560008681325013e-06, 0.0, 36.1404194314593, 0.0, -4.560008681325013e-06]",4326,1024,1024,2019-05-30T17:35:04.000Z,train,0,0.000823974609375
midwest-flooding_00000351,xBD,midwest-flooding,flooding,Flood,Severe,Flood_Severe,damaged_building_fraction,1.0,3,3,3,0,0,train/images/midwest-flooding_00000351_pre_disaster.png,train/images/midwest-flooding_00000351_post_disaster.png,train/targets/midwest-flooding_00000351_post_disaster_target.png,True,-96.22485423755164,36.1433929296716,"[-96.22718846017592, 4.559028563051116e-06, 0.0, 36.14572715229588, 0.0, -4.559028563051116e-06]",4326,1024,1024,2019-05-30T17:35:22.000Z,test,-1,0.0039825439453125
midwest-flooding_00000352,xBD,midwest-flooding,flooding,Flood,Moderate,Flood_Moderate,damaged_building_fraction,0.1428571428571428,7,1,1,0,0,train/images/midwest-flooding_00000352_pre_disaster.png,train/images/midwest-flooding_00000352_post_disaster.png,train/targets/midwest-flooding_00000352_post_disaster_target.png,True,-96.22912709532984,36.16860370935134,"[-96.23146176368346, 4.559899128137854e-06, 0.0, 36.17093837770494, 0.0, -4.559899128137854e-06]",4326,1024,1024,2019-05-30T17:35:22.000Z,train,3,0.000213623046875
midwest-flooding_00000353,xBD,midwest-flooding,flooding,Flood,Severe,Flood_Severe,damaged_building_fraction,0.5833333333333334,12,7,4,3,0,train/images/midwest-flooding_00000353_pre_disaster.png,train/images/midwest-flooding_00000353_post_disaster.png,train/targets/midwest-flooding_00000353_post_disaster_target.png,True,-96.28144524943949,36.151003536579225,"[-96.2837798420572, 4.559751206485521e-06, 0.0, 36.153338129196946, 0.0, -4.559751206485521e-06]",4326,1024,1024,2019-05-30T17:35:04.000Z,train,3,0.006317138671875
midwest-flooding_00000355,xBD,midwest-flooding,flooding,Flood,Severe,Flood_Severe,damaged_building_fraction,0.3333333333333333,9,3,2,1,0,train/images/midwest-flooding_00000355_pre_disaster.png,train/images/midwest-flooding_00000355_post_disaster.png,train/targets/midwest-flooding_00000355_post_disaster_target.png,True,-96.3234072632828,36.13102239495242,"[-96.3257417868703, 4.5596163818512626e-06, 0.0, 36.133356918539924, 0.0, -4.5596163818512626e-06]",4326,1024,1024,2019-05-30T17:35:04.000Z,train,4,0.0015411376953125
midwest-flooding_00000356,xBD,midwest-flooding,flooding,Flood,Low,Flood_Low,damaged_building_fraction,0.0,7,0,0,0,0,train/images/midwest-flooding_00000356_pre_disaster.png,train/images/midwest-flooding_00000356_post_disaster.png,train/targets/midwest-flooding_00000356_post_disaster_target.png,True,-96.22883252776312,36.17696749818426,"[-96.23116733330846, 4.560167080720684e-06, 0.0, 36.17930230372959, 0.0, -4.560167080720684e-06]",4326,1024,1024,2019-05-30T17:35:22.000Z,train,0,0.0
midwest-flooding_00000357,xBD,midwest-flooding,flooding,Flood,Low,Flood_Low,damaged_building_fraction,0.0,2,0,0,0,0,train/images/midwest-flooding_00000357_pre_disaster.png,train/images/midwest-flooding_00000357_post_disaster.png,train/targets/midwest-flooding_00000357_post_disaster_target.png,True,-96.21881218325922,36.168364609162495,"[-96.22114678242748, 4.559764000509525e-06, 0.0, 36.17069920833075, 0.0, -4.559764000509525e-06]",4326,1024,1024,2019-05-30T17:35:22.000Z,train,1,0.0
midwest-flooding_00000358,xBD,midwest-flooding,flooding,Flood,Low,Flood_Low,damaged_building_fraction,0.0,17,0,0,0,0,train/images/midwest-flooding_00000358_pre_disaster.png,train/images/midwest-flooding_00000358_post_disaster.png,train/targets/midwest-flooding_00000358_post_disaster_target.png,True,-96.2398821130669,36.15629610423645,"[-96.24221664479488, 4.559632281224818e-06, 0.0, 36.15863063596444, 0.0, -4.559632281224818e-06]",4326,1024,1024,2019-05-30T17:35:22.000Z,train,4,0.0
midwest-flooding_00000359,xBD,midwest-flooding,flooding,Flood,Low,Flood_Low,damaged_building_fraction,0.0144927536231884,69,1,1,0,0,train/images/midwest-flooding_00000359_pre_disaster.png,train/images/midwest-flooding_00000359_post_disaster.png,train/targets/midwest-flooding_00000359_post_disaster_target.png,True,-96.21335856509216,36.17660840586768,"[-96.21569326676286, 4.559964200601998e-06, 0.0, 36.17894310753838, 0.0, -4.559964200601998e-06]",4326,1024,1024,2019-05-30T17:35:22.000Z,test,-1,0.0005950927734375
midwest-flooding_00000360,xBD,midwest-flooding,flooding,Flood,Low,Flood_Low,damaged_building_fraction,0.025,40,1,1,0,0,train/images/midwest-flooding_00000360_pre_disaster.png,train/images/midwest-flooding_00000360_post_disaster.png,train/targets/midwest-flooding_00000360_post_disaster_target.png,True,-96.20820063852106,36.176488264639936,"[-96.21053530553603, 4.559896513603013e-06, 0.0, 36.1788229316549, 0.0, -4.559896513603013e-06]",4326,1024,1024,2019-05-30T17:35:22.000Z,test,-1,0.0008697509765625
midwest-flooding_00000366,xBD,midwest-flooding,flooding,Flood,Low,Flood_Low,damaged_building_fraction,0.0,2,0,0,0,0,train/images/midwest-flooding_00000366_pre_disaster.png,train/images/midwest-flooding_00000366_post_disaster.png,train/targets/midwest-flooding_00000366_post_disaster_target.png,True,-96.22470687792816,36.147574828408736,"[-96.22704116903931, 4.559162326453599e-06, 0.0, 36.14990911951988, 0.0, -4.559162326453599e-06]",4326,1024,1024,2019-05-30T17:35:22.000Z,train,2,0.0
midwest-flooding_00000367,xBD,midwest-flooding,flooding,Flood,Low,Flood_Low,damaged_building_fraction,0.0,38,0,0,0,0,train/images/midwest-flooding_00000367_pre_disaster.png,train/images/midwest-flooding_00000367_post_disaster.png,train/targets/midwest-flooding_00000367_post_disaster_target.png,True,-96.21955080296996,36.14745525843872,"[-96.22188505954182, 4.5590948669475545e-06, 0.0, 36.149789515010596, 0.0, -4.5590948669475545e-06]",4326,1024,1024,2019-05-30T17:35:22.000Z,val,2,0.0
midwest-flooding_00000368,xBD,midwest-flooding,flooding,Flood,Moderate,Flood_Moderate,damaged_building_fraction,0.2857142857142857,21,6,1,5,0,train/images/midwest-flooding_00000368_pre_disaster.png,train/images/midwest-flooding_00000368_post_disaster.png,train/targets/midwest-flooding_00000368_post_disaster_target.png,True,-96.21439475844116,36.14733546680888,"[-96.21672898045836, 4.559027377320683e-06, 0.0, 36.14966968882607, 0.0, -4.559027377320683e-06]",4326,1024,1024,2019-05-30T17:35:22.000Z,test,-1,0.004974365234375
midwest-flooding_00000371,xBD,midwest-flooding,flooding,Flood,Low,Flood_Low,damaged_building_fraction,0.0,6,0,0,0,0,train/images/midwest-flooding_00000371_pre_disaster.png,train/images/midwest-flooding_00000371_post_disaster.png,train/targets/midwest-flooding_00000371_post_disaster_target.png,True,-96.27701181766886,36.12997699520621,"[-96.27934603301337, 4.559014344729941e-06, 0.0, 36.13231121055072, 0.0, -4.559014344729941e-06]",4326,1024,1024,2019-05-30T17:35:04.000Z,test,-1,0.0
midwest-flooding_00000374,xBD,midwest-flooding,flooding,Flood,Moderate,Flood_Moderate,damaged_building_fraction,0.1666666666666666,6,1,1,0,0,train/images/midwest-flooding_00000374_pre_disaster.png,train/images/midwest-flooding_00000374_post_disaster.png,train/targets/midwest-flooding_00000374_post_disaster_target.png,True,-96.30652256699533,36.08458744537239,"[-96.30885722991465, 4.559888514304466e-06, 0.0, 36.086922108291716, 0.0, -4.559888514304466e-06]",4326,1024,1024,2019-05-30T17:35:04.000Z,train,4,0.0009307861328125
midwest-flooding_00000376,xBD,midwest-flooding,flooding,Flood,Low,Flood_Low,damaged_building_fraction,0.0,20,0,0,0,0,train/images/midwest-flooding_00000376_pre_disaster.png,train/images/midwest-flooding_00000376_post_disaster.png,train/targets/midwest-flooding_00000376_post_disaster_target.png,True,-96.3165467822899,36.09318637243813,"[-96.31888165052777, 4.5602895270713464e-06, 0.0, 36.09552124067599, 0.0, -4.5602895270713464e-06]",4326,1024,1024,2019-05-30T17:35:04.000Z,train,1,0.0
midwest-flooding_00000377,xBD,midwest-flooding,flooding,Flood,Low,Flood_Low,damaged_building_fraction,0.0,17,0,0,0,0,train/images/midwest-flooding_00000377_pre_disaster.png,train/images/midwest-flooding_00000377_post_disaster.png,train/targets/midwest-flooding_00000377_post_disaster_target.png,True,-96.31053607928732,36.118173935355806,"[-96.31287132494052, 4.561026666385822e-06, 0.0, 36.120509181009, 0.0, -4.561026666385822e-06]",4326,1024,1024,2019-05-30T17:35:04.000Z,test,-1,0.0
midwest-flooding_00000378,xBD,midwest-flooding,flooding,Flood,Low,Flood_Low,damaged_building_fraction,0.0,24,0,0,0,0,train/images/midwest-flooding_00000378_pre_disaster.png,train/images/midwest-flooding_00000378_post_disaster.png,train/targets/midwest-flooding_00000378_post_disaster_target.png,True,-96.30537956258266,36.11805809698392,"[-96.3077147740153, 4.560959829362081e-06, 0.0, 36.120393308416546, 0.0, -4.560959829362081e-06]",4326,1024,1024,2019-05-30T17:35:04.000Z,test,-1,0.0
midwest-flooding_00000379,xBD,midwest-flooding,flooding,Flood,Low,Flood_Low,damaged_building_fraction,0.0,10,0,0,0,0,train/images/midwest-flooding_00000379_pre_disaster.png,train/images/midwest-flooding_00000379_post_disaster.png,train/targets/midwest-flooding_00000379_post_disaster_target.png,True,-96.31626218073094,36.10155411269813,"[-96.31859718611587, 4.560557392421925e-06, 0.0, 36.10388911808305, 0.0, -4.560557392421925e-06]",4326,1024,1024,2019-05-30T17:35:04.000Z,val,4,0.0
midwest-flooding_00000381,xBD,midwest-flooding,flooding,Flood,Low,Flood_Low,damaged_building_fraction,0.0909090909090909,11,1,1,0,0,train/images/midwest-flooding_00000381_pre_disaster.png,train/images/midwest-flooding_00000381_post_disaster.png,train/targets/midwest-flooding_00000381_post_disaster_target.png,True,-96.30108214191524,36.09283917491147,"[-96.3034169077103, 4.560089443455233e-06, 0.0, 36.095173940706516, 0.0, -4.560089443455233e-06]",4326,1024,1024,2019-05-30T17:35:04.000Z,train,1,0.0010833740234375
midwest-flooding_00000385,xBD,midwest-flooding,flooding,Flood,Low,Flood_Low,damaged_building_fraction,0.0,6,0,0,0,0,train/images/midwest-flooding_00000385_pre_disaster.png,train/images/midwest-flooding_00000385_post_disaster.png,train/targets/midwest-flooding_00000385_post_disaster_target.png,True,-96.31668903906667,36.0890024971665,"[-96.31902383875341, 4.560155638121634e-06, 0.0, 36.09133729685322, 0.0, -4.560155638121634e-06]",4326,1024,1024,2019-05-30T17:35:04.000Z,train,0,0.0
midwest-flooding_00000386,xBD,midwest-flooding,flooding,Flood,Low,Flood_Low,damaged_building_fraction,0.0,8,0,0,0,0,train/images/midwest-flooding_00000386_pre_disaster.png,train/images/midwest-flooding_00000386_post_disaster.png,train/targets/midwest-flooding_00000386_post_disaster_target.png,True,-96.2558963729945,35.97039863028432,"[-96.25822984673906, 4.557565907335927e-06, 0.0, 35.97273210402888, 0.0, -4.557565907335927e-06]",4326,1024,1024,2019-05-30T17:35:04.000Z,test,-1,0.0
midwest-flooding_00000388,xBD,midwest-flooding,flooding,Flood,Low,Flood_Low,damaged_building_fraction,0.0,20,0,0,0,0,train/images/midwest-flooding_00000388_pre_disaster.png,train/images/midwest-flooding_00000388_post_disaster.png,train/targets/midwest-flooding_00000388_post_disaster_target.png,True,-96.24530768129377,35.97853381271997,"[-96.24764122306355, 4.55769876913309e-06, 0.0, 35.98086735448976, 0.0, -4.55769876913309e-06]",4326,1024,1024,2019-05-30T17:35:04.000Z,train,4,0.0
midwest-flooding_00000389,xBD,midwest-flooding,flooding,Flood,Low,Flood_Low,damaged_building_fraction,0.0,5,0,0,0,0,train/images/midwest-flooding_00000389_pre_disaster.png,train/images/midwest-flooding_00000389_post_disaster.png,train/targets/midwest-flooding_00000389_post_disaster_target.png,True,-96.37305612354436,36.105006250304754,"[-96.3753914310614, 4.561147494230151e-06, 0.0, 36.1073415578218, 0.0, -4.561147494230151e-06]",4326,1024,1024,2019-05-30T17:35:04.000Z,train,3,0.0
midwest-flooding_00000391,xBD,midwest-flooding,flooding,Flood,Severe,Flood_Severe,damaged_building_fraction,1.0,3,3,3,0,0,train/images/midwest-flooding_00000391_pre_disaster.png,train/images/midwest-flooding_00000391_post_disaster.png,train/targets/midwest-flooding_00000391_post_disaster_target.png,True,-96.367900447137,36.10489314389788,"[-96.37023572066529, 4.5610811099543396e-06, 0.0, 36.10722841742618, 0.0, -4.5610811099543396e-06]",4326,1024,1024,2019-05-30T17:35:04.000Z,train,1,0.0007476806640625
midwest-flooding_00000392,xBD,midwest-flooding,flooding,Flood,Low,Flood_Low,damaged_building_fraction,0.0,6,0,0,0,0,train/images/midwest-flooding_00000392_pre_disaster.png,train/images/midwest-flooding_00000392_post_disaster.png,train/targets/midwest-flooding_00000392_post_disaster_target.png,True,-96.37793365646542,36.113486883832906,"[-96.38026913545755, 4.56148240651451e-06, 0.0, 36.11582236282504, 0.0, -4.56148240651451e-06]",4326,1024,1024,2019-05-30T17:35:04.000Z,train,1,0.0
midwest-flooding_00000393,xBD,midwest-flooding,flooding,Flood,Moderate,Flood_Moderate,damaged_building_fraction,0.3,20,6,4,2,0,train/images/midwest-flooding_00000393_pre_disaster.png,train/images/midwest-flooding_00000393_post_disaster.png,train/targets/midwest-flooding_00000393_post_disaster_target.png,True,-96.36274479951328,36.10477981593508,"[-96.36508003903732, 4.5610146954097705e-06, 0.0, 36.107115055459126, 0.0, -4.5610146954097705e-06]",4326,1024,1024,2019-05-30T17:35:04.000Z,val,4,0.0034637451171875
midwest-flooding_00000394,xBD,midwest-flooding,flooding,Flood,Low,Flood_Low,damaged_building_fraction,0.0,15,0,0,0,0,train/images/midwest-flooding_00000394_pre_disaster.png,train/images/midwest-flooding_00000394_post_disaster.png,train/targets/midwest-flooding_00000394_post_disaster_target.png,True,-96.37277740564352,36.11337396457897,"[-96.37511285063815, 4.5614160051087645e-06, 0.0, 36.11570940957358, 0.0, -4.5614160051087645e-06]",4326,1024,1024,2019-05-30T17:35:04.000Z,train,1,0.0
midwest-flooding_00000395,xBD,midwest-flooding,flooding,Flood,Severe,Flood_Severe,damaged_building_fraction,0.6666666666666666,3,2,1,1,0,train/images/midwest-flooding_00000395_pre_disaster.png,train/images/midwest-flooding_00000395_post_disaster.png,train/targets/midwest-flooding_00000395_post_disaster_target.png,True,-96.33237733722906,36.08736028145635,"[-96.33471209801509, 4.5600796602225106e-06, 0.0, 36.08969504224238, 0.0, -4.5600796602225106e-06]",4326,1024,1024,2019-05-30T17:35:04.000Z,test,-1,0.001800537109375
midwest-flooding_00000397,xBD,midwest-flooding,flooding,Flood,Low,Flood_Low,damaged_building_fraction,0.0,1,0,0,0,0,train/images/midwest-flooding_00000397_pre_disaster.png,train/images/midwest-flooding_00000397_post_disaster.png,train/targets/midwest-flooding_00000397_post_disaster_target.png,True,-96.29236831695964,35.95866014520122,"[-96.29470182401849, 4.557630974329818e-06, 0.0, 35.96099365226008, 0.0, -4.557630974329818e-06]",4326,1024,1024,2019-05-30T17:35:04.000Z,val,2,0.0
midwest-flooding_00000398,xBD,midwest-flooding,flooding,Flood,Severe,Flood_Severe,damaged_building_fraction,0.5,2,1,1,0,0,train/images/midwest-flooding_00000398_pre_disaster.png,train/images/midwest-flooding_00000398_post_disaster.png,train/targets/midwest-flooding_00000398_post_disaster_target.png,True,-96.28722002930184,35.95854391641177,"[-96.28955350249944, 4.557564839079577e-06, 0.0, 35.96087738960938, 0.0, -4.557564839079577e-06]",4326,1024,1024,2019-05-30T17:35:04.000Z,val,1,0.0005645751953125
midwest-flooding_00000399,xBD,midwest-flooding,flooding,Flood,Severe,Flood_Severe,damaged_building_fraction,1.0,5,5,0,5,0,train/images/midwest-flooding_00000399_pre_disaster.png,train/images/midwest-flooding_00000399_post_disaster.png,train/targets/midwest-flooding_00000399_post_disaster_target.png,True,-96.34727802990508,36.10443850275061,"[-96.34961316732341, 4.560815270173493e-06, 0.0, 36.10677364016893, 0.0, -4.560815270173493e-06]",4326,1024,1024,2019-05-30T17:35:04.000Z,train,4,0.0016021728515625
midwest-flooding_00000400,xBD,midwest-flooding,flooding,Flood,Severe,Flood_Severe,damaged_building_fraction,0.3333333333333333,15,5,3,2,0,train/images/midwest-flooding_00000400_pre_disaster.png,train/images/midwest-flooding_00000400_post_disaster.png,train/targets/midwest-flooding_00000400_post_disaster_target.png,True,-96.33724941600477,36.09584236770072,"[-96.33958434802742, 4.560414106734933e-06, 0.0, 36.09817729972337, 0.0, -4.560414106734933e-06]",4326,1024,1024,2019-05-30T17:35:04.000Z,test,-1,0.0028533935546875
midwest-flooding_00000401,xBD,midwest-flooding,flooding,Flood,Low,Flood_Low,damaged_building_fraction,0.0,7,0,0,0,0,train/images/midwest-flooding_00000401_pre_disaster.png,train/images/midwest-flooding_00000401_post_disaster.png,train/targets/midwest-flooding_00000401_post_disaster_target.png,True,-96.2817848098414,35.96679879458544,"[-96.28411838529348, 4.557764554858671e-06, 0.0, 35.96913237003752, 0.0, -4.557764554858671e-06]",4326,1024,1024,2019-05-30T17:35:04.000Z,train,4,0.0
midwest-flooding_00000403,xBD,midwest-flooding,flooding,Flood,Low,Flood_Low,damaged_building_fraction,0.0,8,0,0,0,0,train/images/midwest-flooding_00000403_pre_disaster.png,train/images/midwest-flooding_00000403_post_disaster.png,train/targets/midwest-flooding_00000403_post_disaster_target.png,True,-96.27692354263138,35.95831079721723,"[-96.27925694806021, 4.557432478171847e-06, 0.0, 35.96064420264605, 0.0, -4.557432478171847e-06]",4326,1024,1024,2019-05-30T17:35:04.000Z,val,2,0.0
midwest-flooding_00000404,xBD,midwest-flooding,flooding,Flood,Low,Flood_Low,damaged_building_fraction,0.1,10,1,0,0,1,train/images/midwest-flooding_00000404_pre_disaster.png,train/images/midwest-flooding_00000404_post_disaster.png,train/targets/midwest-flooding_00000404_post_disaster_target.png,True,-96.27177534373028,35.95819390682022,"[-96.27410871525159, 4.5573662525322185e-06, 0.0, 35.960527278341516, 0.0, -4.5573662525322185e-06]",4326,1024,1024,2019-05-30T17:35:04.000Z,train,3,0.0003509521484375
midwest-flooding_00000405,xBD,midwest-flooding,flooding,Flood,Severe,Flood_Severe,damaged_building_fraction,0.6666666666666666,3,2,2,0,0,train/images/midwest-flooding_00000405_pre_disaster.png,train/images/midwest-flooding_00000405_post_disaster.png,train/targets/midwest-flooding_00000405_post_disaster_target.png,True,-96.34699658375077,36.11280604397842,"[-96.34933185852522, 4.561083543871646e-06, 0.0, 36.11514131875288, 0.0, -4.561083543871646e-06]",4326,1024,1024,2019-05-30T17:35:04.000Z,train,1,0.0027923583984375
midwest-flooding_00000406,xBD,midwest-flooding,flooding,Flood,Severe,Flood_Severe,damaged_building_fraction,1.0,1,1,1,0,0,train/images/midwest-flooding_00000406_pre_disaster.png,train/images/midwest-flooding_00000406_post_disaster.png,train/targets/midwest-flooding_00000406_post_disaster_target.png,True,-96.34184050620848,36.11269179501977,"[-96.34417574689242, 4.561016960807878e-06, 0.0, 36.115027035703704, 0.0, -4.561016960807878e-06]",4326,1024,1024,2019-05-30T17:35:04.000Z,train,1,0.000152587890625
midwest-flooding_00000407,xBD,midwest-flooding,flooding,Flood,Low,Flood_Low,damaged_building_fraction,0.0,15,0,0,0,0,train/images/midwest-flooding_00000407_pre_disaster.png,train/images/midwest-flooding_00000407_post_disaster.png,train/targets/midwest-flooding_00000407_post_disaster_target.png,True,-96.3621850656307,36.12151509280252,"[-96.36452058007268, 4.561551644494771e-06, 0.0, 36.1238506072445, 0.0, -4.561551644494771e-06]",4326,1024,1024,2019-05-30T17:35:04.000Z,test,-1,0.0
midwest-flooding_00000408,xBD,midwest-flooding,flooding,Flood,Low,Flood_Low,damaged_building_fraction,0.0,179,0,0,0,0,train/images/midwest-flooding_00000408_pre_disaster.png,train/images/midwest-flooding_00000408_post_disaster.png,train/targets/midwest-flooding_00000408_post_disaster_target.png,True,-96.35702835532072,36.121401474061976,"[-96.35936383569437, 4.5614851047673005e-06, 0.0, 36.123736954435614, 0.0, -4.5614851047673005e-06]",4326,1024,1024,2019-05-30T17:35:04.000Z,val,0,0.0
midwest-flooding_00000410,xBD,midwest-flooding,flooding,Flood,Low,Flood_Low,damaged_building_fraction,0.0434782608695652,23,1,1,0,0,train/images/midwest-flooding_00000410_pre_disaster.png,train/images/midwest-flooding_00000410_post_disaster.png,train/targets/midwest-flooding_00000410_post_disaster_target.png,True,-96.33152843840932,36.11246263229568,"[-96.33386361086573, 4.560883703942673e-06, 0.0, 36.114797804752094, 0.0, -4.560883703942673e-06]",4326,1024,1024,2019-05-30T17:35:04.000Z,train,3,0.0023345947265625
midwest-flooding_00000411,xBD,midwest-flooding,flooding,Flood,Low,Flood_Low,damaged_building_fraction,0.0,69,0,0,0,0,train/images/midwest-flooding_00000411_pre_disaster.png,train/images/midwest-flooding_00000411_post_disaster.png,train/targets/midwest-flooding_00000411_post_disaster_target.png,True,-96.35187167393092,36.12128763363848,"[-96.35420712022072, 4.56141853476841e-06, 0.0, 36.12362307992828, 0.0, -4.56141853476841e-06]",4326,1024,1024,2019-05-30T17:35:04.000Z,train,0,0.0
midwest-flooding_00000415,xBD,midwest-flooding,flooding,Flood,Severe,Flood_Severe,damaged_building_fraction,0.4285714285714285,7,3,3,0,0,train/images/midwest-flooding_00000415_pre_disaster.png,train/images/midwest-flooding_00000415_post_disaster.png,train/targets/midwest-flooding_00000415_post_disaster_target.png,True,-96.3835063328178,36.10104790181794,"[-96.38584163952524, 4.561145912970369e-06, 0.0, 36.103383208525386, 0.0, -4.561145912970369e-06]",4326,1024,1024,2019-05-30T17:35:04.000Z,test,-1,0.0013580322265625
midwest-flooding_00000416,xBD,midwest-flooding,flooding,Flood,Moderate,Flood_Moderate,damaged_building_fraction,0.1666666666666666,18,3,2,1,0,train/images/midwest-flooding_00000416_pre_disaster.png,train/images/midwest-flooding_00000416_post_disaster.png,train/targets/midwest-flooding_00000416_post_disaster_target.png,True,-96.38378378766204,36.09268009837133,"[-96.3861189569333, 4.5608774829004774e-06, 0.0, 36.09501526764258, 0.0, -4.5608774829004774e-06]",4326,1024,1024,2019-05-30T17:35:04.000Z,train,2,0.000732421875
midwest-flooding_00000417,xBD,midwest-flooding,flooding,Flood,Moderate,Flood_Moderate,damaged_building_fraction,0.1333333333333333,15,2,2,0,0,train/images/midwest-flooding_00000417_pre_disaster.png,train/images/midwest-flooding_00000417_post_disaster.png,train/targets/midwest-flooding_00000417_post_disaster_target.png,True,-96.37862887198342,36.092567486583846,"[-96.38096400733332, 4.560811230257226e-06, 0.0, 36.094902621933734, 0.0, -4.560811230257226e-06]",4326,1024,1024,2019-05-30T17:35:04.000Z,test,-1,0.0012054443359375
midwest-flooding_00000418,xBD,midwest-flooding,flooding,Flood,Severe,Flood_Severe,damaged_building_fraction,0.3333333333333333,3,1,1,0,0,train/images/midwest-flooding_00000418_pre_disaster.png,train/images/midwest-flooding_00000418_post_disaster.png,train/targets/midwest-flooding_00000418_post_disaster_target.png,True,-96.3131035721059,35.95493707978827,"[-96.3154371463399, 4.557762175788121e-06, 0.0, 35.957270654022274, 0.0, -4.557762175788121e-06]",4326,1024,1024,2019-05-30T17:35:04.000Z,train,2,6.103515625e-05
midwest-flooding_00000422,xBD,midwest-flooding,flooding,Flood,Low,Flood_Low,damaged_building_fraction,0.0,9,0,0,0,0,train/images/midwest-flooding_00000422_pre_disaster.png,train/images/midwest-flooding_00000422_post_disaster.png,train/targets/midwest-flooding_00000422_post_disaster_target.png,True,-96.37347398495818,36.09245465333375,"[-96.3758090863712, 4.560744947324363e-06, 0.0, 36.09478975474678, 0.0, -4.560744947324363e-06]",4326,1024,1024,2019-05-30T17:35:04.000Z,val,3,0.0
midwest-flooding_00000423,xBD,midwest-flooding,flooding,Flood,Low,Flood_Low,damaged_building_fraction,0.0,5,0,0,0,0,train/images/midwest-flooding_00000423_pre_disaster.png,train/images/midwest-flooding_00000423_post_disaster.png,train/targets/midwest-flooding_00000423_post_disaster_target.png,True,-96.38322876353854,36.10941569164768,"[-96.38556420774212, 4.561414460128855e-06, 0.0, 36.11175113585127, 0.0, -4.561414460128855e-06]",4326,1024,1024,2019-05-30T17:35:04.000Z,train,1,0.0
midwest-flooding_00000424,xBD,midwest-flooding,flooding,Flood,Moderate,Flood_Moderate,damaged_building_fraction,0.2,5,1,1,0,0,train/images/midwest-flooding_00000424_pre_disaster.png,train/images/midwest-flooding_00000424_post_disaster.png,train/targets/midwest-flooding_00000424_post_disaster_target.png,True,-96.36344381802915,36.08386064309093,"[-96.36577871424264, 4.560344166960639e-06, 0.0, 36.08619553930441, 0.0, -4.560344166960639e-06]",4326,1024,1024,2019-05-30T17:35:04.000Z,test,-1,0.0001373291015625
midwest-flooding_00000426,xBD,midwest-flooding,flooding,Flood,Low,Flood_Low,damaged_building_fraction,0.1,10,1,1,0,0,train/images/midwest-flooding_00000426_pre_disaster.png,train/images/midwest-flooding_00000426_post_disaster.png,train/targets/midwest-flooding_00000426_post_disaster_target.png,True,-96.37291677896047,36.10919010914602,"[-96.37525215520881, 4.561281735031208e-06, 0.0, 36.11152548539435, 0.0, -4.561281735031208e-06]",4326,1024,1024,2019-05-30T17:35:04.000Z,val,3,7.62939453125e-05
midwest-flooding_00000427,xBD,midwest-flooding,flooding,Flood,Low,Flood_Low,damaged_building_fraction,0.0,4,0,0,0,0,train/images/midwest-flooding_00000427_pre_disaster.png,train/images/midwest-flooding_00000427_post_disaster.png,train/targets/midwest-flooding_00000427_post_disaster_target.png,True,-96.2870768344638,35.962729599664975,"[-96.2894103757316, 4.557697788703524e-06, 0.0, 35.96506314093279, 0.0, -4.557697788703524e-06]",4326,1024,1024,2019-05-30T17:35:04.000Z,train,3,0.0
midwest-flooding_00000429,xBD,midwest-flooding,flooding,Flood,Low,Flood_Low,damaged_building_fraction,0.1,10,1,1,0,0,train/images/midwest-flooding_00000429_pre_disaster.png,train/images/midwest-flooding_00000429_post_disaster.png,train/targets/midwest-flooding_00000429_post_disaster_target.png,True,-96.33739058278614,36.09165861996049,"[-96.33972544620734, 4.560280119530462e-06, 0.0, 36.09399348338169, 0.0, -4.560280119530462e-06]",4326,1024,1024,2019-05-30T17:35:04.000Z,train,2,0.001129150390625
midwest-flooding_00000430,xBD,midwest-flooding,flooding,Flood,Low,Flood_Low,damaged_building_fraction,0.0,22,0,0,0,0,train/images/midwest-flooding_00000430_pre_disaster.png,train/images/midwest-flooding_00000430_post_disaster.png,train/targets/midwest-flooding_00000430_post_disaster_target.png,True,-96.37263800358753,36.11755781660336,"[-96.3749735173434, 4.561550304466216e-06, 0.0, 36.11989333035925, 0.0, -4.561550304466216e-06]",4326,1024,1024,2019-05-30T17:35:04.000Z,train,2,0.0
midwest-flooding_00000431,xBD,midwest-flooding,flooding,Flood,Low,Flood_Low,damaged_building_fraction,0.0,26,0,0,0,0,train/images/midwest-flooding_00000431_pre_disaster.png,train/images/midwest-flooding_00000431_post_disaster.png,train/targets/midwest-flooding_00000431_post_disaster_target.png,True,-96.26677142370536,35.95389118053657,"[-96.26910469329641, 4.557167170046269e-06, 0.0, 35.956224450127635, 0.0, -4.557167170046269e-06]",4326,1024,1024,2019-05-30T17:35:04.000Z,train,0,0.0
midwest-flooding_00000433,xBD,midwest-flooding,flooding,Flood,Moderate,Flood_Moderate,damaged_building_fraction,0.125,8,1,1,0,0,train/images/midwest-flooding_00000433_pre_disaster.png,train/images/midwest-flooding_00000433_post_disaster.png,train/targets/midwest-flooding_00000433_post_disaster_target.png,True,-96.34198151662768,36.108508043521255,"[-96.34431668863822, 4.560882833075206e-06, 0.0, 36.11084321553179, 0.0, -4.560882833075206e-06]",4326,1024,1024,2019-05-30T17:35:04.000Z,test,-1,0.0005340576171875
midwest-flooding_00000435,xBD,midwest-flooding,flooding,Flood,Moderate,Flood_Moderate,damaged_building_fraction,0.1029411764705882,68,7,0,0,7,train/images/midwest-flooding_00000435_pre_disaster.png,train/images/midwest-flooding_00000435_post_disaster.png,train/targets/midwest-flooding_00000435_post_disaster_target.png,True,-96.34169946671344,36.116875543098935,"[-96.34403477608573, 4.561151117763153e-06, 0.0, 36.11921085247123, 0.0, -4.561151117763153e-06]",4326,1024,1024,2019-05-30T17:35:04.000Z,train,3,0.0026397705078125
midwest-flooding_00000436,xBD,midwest-flooding,flooding,Flood,Severe,Flood_Severe,damaged_building_fraction,1.0,2,2,0,0,2,train/images/midwest-flooding_00000436_pre_disaster.png,train/images/midwest-flooding_00000436_post_disaster.png,train/targets/midwest-flooding_00000436_post_disaster_target.png,True,-96.33654314536238,36.11676105509442,"[-96.33887842061651, 4.561084480714684e-06, 0.0, 36.11909633034855, 0.0, -4.561084480714684e-06]",4326,1024,1024,2019-05-30T17:35:04.000Z,train,2,0.0013275146484375
midwest-flooding_00000438,xBD,midwest-flooding,flooding,Flood,Low,Flood_Low,damaged_building_fraction,0.0,16,0,0,0,0,train/images/midwest-flooding_00000438_pre_disaster.png,train/images/midwest-flooding_00000438_post_disaster.png,train/targets/midwest-flooding_00000438_post_disaster_target.png,True,-96.38392247218606,36.08849619154236,"[-96.38625757276168, 4.560743311757819e-06, 0.0, 36.09083129211798, 0.0, -4.560743311757819e-06]",4326,1024,1024,2019-05-30T17:35:04.000Z,train,0,0.0
midwest-flooding_00000441,xBD,midwest-flooding,flooding,Flood,Low,Flood_Low,damaged_building_fraction,0.0,9,0,0,0,0,train/images/midwest-flooding_00000441_pre_disaster.png,train/images/midwest-flooding_00000441_post_disaster.png,train/targets/midwest-flooding_00000441_post_disaster_target.png,True,-96.37416984654998,36.07153525690672,"[-96.3765046047557, 4.560074620557046e-06, 0.0, 36.07387001511244, 0.0, -4.560074620557046e-06]",4326,1024,1024,2019-05-30T17:35:04.000Z,train,1,0.0
midwest-flooding_00000442,xBD,midwest-flooding,flooding,Flood,Low,Flood_Low,damaged_building_fraction,0.0,9,0,0,0,0,train/images/midwest-flooding_00000442_pre_disaster.png,train/images/midwest-flooding_00000442_post_disaster.png,train/targets/midwest-flooding_00000442_post_disaster_target.png,True,-96.36845862893944,36.08815774338218,"[-96.37079362774085, 4.560544534007006e-06, 0.0, 36.09049274218359, 0.0, -4.560544534007006e-06]",4326,1024,1024,2019-05-30T17:35:04.000Z,train,4,0.0
midwest-flooding_00000444,xBD,midwest-flooding,flooding,Flood,Moderate,Flood_Moderate,damaged_building_fraction,0.1428571428571428,7,1,0,1,0,train/images/midwest-flooding_00000444_pre_disaster.png,train/images/midwest-flooding_00000444_post_disaster.png,train/targets/midwest-flooding_00000444_post_disaster_target.png,True,-96.37821182867924,36.10511913515179,"[-96.38054717016954, 4.561213848219157e-06, 0.0, 36.107454476642076, 0.0, -4.561213848219157e-06]",4326,1024,1024,2019-05-30T17:35:04.000Z,train,0,0.0001373291015625
palu-tsunami_00000000,xBD,palu-tsunami,tsunami,Tsunami,Moderate,Tsunami_Moderate,damaged_building_fraction,0.1098901098901098,91,10,0,1,9,train/images/palu-tsunami_00000000_pre_disaster.png,train/images/palu-tsunami_00000000_post_disaster.png,train/targets/palu-tsunami_00000000_post_disaster_target.png,True,119.79721653827325,-0.7884192186733141,"[119.79491861018293, 4.488140801363268e-06, 0.0, -0.7861212905830162, 0.0, -4.488140801363268e-06]",4326,1024,1024,2018-10-01T02:26:02.000Z,train,4,0.003021240234375
palu-tsunami_00000001,xBD,palu-tsunami,tsunami,Tsunami,Moderate,Tsunami_Moderate,damaged_building_fraction,0.15625,32,5,0,2,3,train/images/palu-tsunami_00000001_pre_disaster.png,train/images/palu-tsunami_00000001_post_disaster.png,train/targets/palu-tsunami_00000001_post_disaster_target.png,True,119.80179716275175,-0.788416113490081,"[119.7994992437214, 4.488123106158645e-06, 0.0, -0.7861181944597277, 0.0, -4.488123106158645e-06]",4326,1024,1024,2018-10-01T02:26:02.000Z,train,1,0.002288818359375
palu-tsunami_00000002,xBD,palu-tsunami,tsunami,Tsunami,Moderate,Tsunami_Moderate,damaged_building_fraction,0.1415094339622641,318,45,0,11,34,train/images/palu-tsunami_00000002_pre_disaster.png,train/images/palu-tsunami_00000002_post_disaster.png,train/targets/palu-tsunami_00000002_post_disaster_target.png,True,119.85212947835475,-0.7053865391000608,"[119.84983167985676, 4.487887691383398e-06, 0.0, -0.7030887406020725, 0.0, -4.487887691383398e-06]",4326,1024,1024,2018-10-01T02:26:02.000Z,val,3,0.0403289794921875
palu-tsunami_00000003,xBD,palu-tsunami,tsunami,Tsunami,Severe,Tsunami_Severe,damaged_building_fraction,1.0,5,5,0,5,0,train/images/palu-tsunami_00000003_pre_disaster.png,train/images/palu-tsunami_00000003_post_disaster.png,train/targets/palu-tsunami_00000003_post_disaster_target.png,True,119.85214660272358,-0.7330515705313915,"[119.84984879785247, 4.487900138870858e-06, 0.0, -0.7307537656602896, 0.0, -4.487900138870858e-06]",4326,1024,1024,2018-10-01T02:26:02.000Z,train,3,0.002471923828125
palu-tsunami_00000005,xBD,palu-tsunami,tsunami,Tsunami,Low,Tsunami_Low,damaged_building_fraction,0.0062893081761006,159,1,0,1,0,train/images/palu-tsunami_00000005_pre_disaster.png,train/images/palu-tsunami_00000005_post_disaster.png,train/targets/palu-tsunami_00000005_post_disaster_target.png,True,119.85670979889817,-0.7053837065168876,"[119.85441200963513, 4.487869654364826e-06, 0.0, -0.7030859172538528, 0.0, -4.487869654364826e-06]",4326,1024,1024,2018-10-01T02:26:02.000Z,train,4,0.004486083984375
palu-tsunami_00000006,xBD,palu-tsunami,tsunami,Tsunami,Low,Tsunami_Low,damaged_building_fraction,0.0071599045346062,419,3,0,0,3,train/images/palu-tsunami_00000006_pre_disaster.png,train/images/palu-tsunami_00000006_post_disaster.png,train/targets/palu-tsunami_00000006_post_disaster_target.png,True,119.86130728025404,-0.7330456784516408,"[119.85900949386892, 4.48786403345083e-06, 0.0, -0.730747892066514, 0.0, -4.48786403345083e-06]",4326,1024,1024,2018-10-01T02:26:02.000Z,test,-1,0.0007476806640625
palu-tsunami_00000007,xBD,palu-tsunami,tsunami,Tsunami,Severe,Tsunami_Severe,damaged_building_fraction,0.967741935483871,31,30,0,0,30,train/images/palu-tsunami_00000007_pre_disaster.png,train/images/palu-tsunami_00000007_post_disaster.png,train/targets/palu-tsunami_00000007_post_disaster_target.png,True,119.85215245773472,-0.7422732468870099,"[119.84985465068146, 4.4879044008884975e-06, 0.0, -0.739975439833755, 0.0, -4.4879044008884975e-06]",4326,1024,1024,2018-10-01T02:26:02.000Z,train,1,0.01263427734375
palu-tsunami_00000011,xBD,palu-tsunami,tsunami,Tsunami,Low,Tsunami_Low,damaged_building_fraction,0.0,350,0,0,0,0,train/images/palu-tsunami_00000011_pre_disaster.png,train/images/palu-tsunami_00000011_post_disaster.png,train/targets/palu-tsunami_00000011_post_disaster_target.png,True,119.86132512258229,-0.7607104839145246,"[119.85902732956531, 4.487876986279079e-06, 0.0, -0.7584126908975497, 0.0, -4.487876986279079e-06]",4326,1024,1024,2018-10-01T02:26:02.000Z,test,-1,0.0
palu-tsunami_00000015,xBD,palu-tsunami,tsunami,Tsunami,Severe,Tsunami_Severe,damaged_building_fraction,0.9052631578947368,95,86,0,7,79,train/images/palu-tsunami_00000015_pre_disaster.png,train/images/palu-tsunami_00000015_post_disaster.png,train/targets/palu-tsunami_00000015_post_disaster_target.png,True,119.8521322865142,-0.7099973779143249,"[119.84983448697209, 4.487889730699063e-06, 0.0, -0.707699578372207, 0.0, -4.487889730699063e-06]",4326,1024,1024,2018-10-01T02:26:02.000Z,train,0,0.05462646484375
palu-tsunami_00000016,xBD,palu-tsunami,tsunami,Tsunami,Severe,Tsunami_Severe,damaged_building_fraction,1.0,7,7,0,0,7,train/images/palu-tsunami_00000016_pre_disaster.png,train/images/palu-tsunami_00000016_post_disaster.png,train/targets/palu-tsunami_00000016_post_disaster_target.png,True,119.85214952104852,-0.7376624087592494,"[119.84985171508995, 4.48790226283422e-06, 0.0, -0.7353646028006783, 0.0, -4.48790226283422e-06]",4326,1024,1024,2018-10-01T02:26:02.000Z,val,2,0.001861572265625
palu-tsunami_00000019,xBD,palu-tsunami,tsunami,Tsunami,Severe,Tsunami_Severe,damaged_building_fraction,0.4605809128630705,241,111,0,8,103,train/images/palu-tsunami_00000019_pre_disaster.png,train/images/palu-tsunami_00000019_post_disaster.png,train/targets/palu-tsunami_00000019_post_disaster_target.png,True,119.85671261155424,-0.7099945268137879,"[119.8544148212472, 4.4878716934508345e-06, 0.0, -0.7076967365067411, 0.0, -4.4878716934508345e-06]",4326,1024,1024,2018-10-01T02:26:02.000Z,test,-1,0.034027099609375
palu-tsunami_00000020,xBD,palu-tsunami,tsunami,Tsunami,Severe,Tsunami_Severe,damaged_building_fraction,0.8390804597701149,87,73,0,3,70,train/images/palu-tsunami_00000020_pre_disaster.png,train/images/palu-tsunami_00000020_post_disaster.png,train/targets/palu-tsunami_00000020_post_disaster_target.png,True,119.85672987368584,-0.7376594465538416,"[119.854432076963, 4.487884224314429e-06, 0.0, -0.7353616498309926, 0.0, -4.487884224314429e-06]",4326,1024,1024,2018-10-01T02:26:02.000Z,val,4,0.0457611083984375
palu-tsunami_00000022,xBD,palu-tsunami,tsunami,Tsunami,Low,Tsunami_Low,damaged_building_fraction,0.0,43,0,0,0,0,train/images/palu-tsunami_00000022_pre_disaster.png,train/images/palu-tsunami_00000022_post_disaster.png,train/targets/palu-tsunami_00000022_post_disaster_target.png,True,119.86586449177756,-0.7932630626259376,"[119.86356672372823, 4.48782822133725e-06, 0.0, -0.7909652945766129, 0.0, -4.48782822133725e-06]",4326,1024,1024,2018-10-01T02:26:02.000Z,val,1,0.0
palu-tsunami_00000023,xBD,palu-tsunami,tsunami,Tsunami,Low,Tsunami_Low,damaged_building_fraction,0.029940119760479,167,5,0,1,4,train/images/palu-tsunami_00000023_pre_disaster.png,train/images/palu-tsunami_00000023_post_disaster.png,train/targets/palu-tsunami_00000023_post_disaster_target.png,True,119.8704448002856,-0.7932598619136694,"[119.86814704151715, 4.487810094622427e-06, 0.0, -0.7909621031452226, 0.0, -4.487810094622427e-06]",4326,1024,1024,2018-10-01T02:26:02.000Z,train,3,0.001983642578125
palu-tsunami_00000024,xBD,palu-tsunami,tsunami,Tsunami,Low,Tsunami_Low,damaged_building_fraction,0.0,473,0,0,0,0,train/images/palu-tsunami_00000024_pre_disaster.png,train/images/palu-tsunami_00000024_post_disaster.png,train/targets/palu-tsunami_00000024_post_disaster_target.png,True,119.87502509030688,-0.7932566561112508,"[119.87272734083407, 4.487791939102892e-06, 0.0, -0.7909589066384302, 0.0, -4.487791939102892e-06]",4326,1024,1024,2018-10-01T02:26:02.000Z,train,3,0.0
palu-tsunami_00000025,xBD,palu-tsunami,tsunami,Tsunami,Severe,Tsunami_Severe,damaged_building_fraction,0.4534883720930232,86,39,0,7,32,train/images/palu-tsunami_00000025_pre_disaster.png,train/images/palu-tsunami_00000025_post_disaster.png,train/targets/palu-tsunami_00000025_post_disaster_target.png,True,119.8796182265704,-0.8116961544928996,"[119.87732048163998, 4.48778306721248e-06, 0.0, -0.8093984095624868, 0.0, -4.48778306721248e-06]",4326,1024,1024,2018-10-01T02:26:02.000Z,train,4,0.037139892578125
palu-tsunami_00000026,xBD,palu-tsunami,tsunami,Tsunami,Severe,Tsunami_Severe,damaged_building_fraction,1.0,54,54,0,3,51,train/images/palu-tsunami_00000026_pre_disaster.png,train/images/palu-tsunami_00000026_post_disaster.png,train/targets/palu-tsunami_00000026_post_disaster_target.png,True,119.87503147546728,-0.8024780482983412,"[119.87273372362472, 4.4877965675103615e-06, 0.0, -0.8001802964557759, 0.0, -4.4877965675103615e-06]",4326,1024,1024,2018-10-01T02:26:02.000Z,train,0,0.050628662109375
palu-tsunami_00000030,xBD,palu-tsunami,tsunami,Tsunami,Severe,Tsunami_Severe,damaged_building_fraction,1.0,110,110,0,1,109,train/images/palu-tsunami_00000030_pre_disaster.png,train/images/palu-tsunami_00000030_post_disaster.png,train/targets/palu-tsunami_00000030_post_disaster_target.png,True,119.87962477017984,-0.8209175084658781,"[119.87732702282209, 4.487787808102402e-06, 0.0, -0.8186197611081296, 0.0, -4.487787808102402e-06]",4326,1024,1024,2018-10-01T02:26:02.000Z,train,4,0.0487213134765625
palu-tsunami_00000033,xBD,palu-tsunami,tsunami,Tsunami,Severe,Tsunami_Severe,damaged_building_fraction,0.631578947368421,19,12,0,4,8,train/images/palu-tsunami_00000033_pre_disaster.png,train/images/palu-tsunami_00000033_post_disaster.png,train/targets/palu-tsunami_00000033_post_disaster_target.png,True,119.85675391974095,-0.7745460005751219,"[119.85445611405918, 4.487901722211483e-06, 0.0, -0.7722481948933496, 0.0, -4.487901722211483e-06]",4326,1024,1024,2018-10-01T02:26:02.000Z,train,1,0.008148193359375
palu-tsunami_00000034,xBD,palu-tsunami,tsunami,Tsunami,Low,Tsunami_Low,damaged_building_fraction,0.0530973451327433,113,6,0,2,4,train/images/palu-tsunami_00000034_pre_disaster.png,train/images/palu-tsunami_00000034_post_disaster.png,train/targets/palu-tsunami_00000034_post_disaster_target.png,True,119.85674779788064,-0.7653243626893891,"[119.85444999448195, 4.487897263073844e-06, 0.0, -0.7630265592906953, 0.0, -4.487897263073844e-06]",4326,1024,1024,2018-10-01T02:26:02.000Z,train,3,0.0039825439453125
palu-tsunami_00000040,xBD,palu-tsunami,tsunami,Tsunami,Low,Tsunami_Low,damaged_building_fraction,0.0344827586206896,58,2,0,0,2,train/images/palu-tsunami_00000040_pre_disaster.png,train/images/palu-tsunami_00000040_post_disaster.png,train/targets/palu-tsunami_00000040_post_disaster_target.png,True,119.82469996915565,-0.876287814019036,"[119.82240209585174, 4.4880337966725275e-06, 0.0, -0.8739899407151397, 0.0, -4.4880337966725275e-06]",4326,1024,1024,2018-10-01T02:26:02.000Z,train,1,0.000274658203125
palu-tsunami_00000042,xBD,palu-tsunami,tsunami,Tsunami,Moderate,Tsunami_Moderate,damaged_building_fraction,0.25,20,5,0,3,2,train/images/palu-tsunami_00000042_pre_disaster.png,train/images/palu-tsunami_00000042_post_disaster.png,train/targets/palu-tsunami_00000042_post_disaster_target.png,True,119.83385421142492,-0.867059116513199,"[119.8315563590391, 4.487992941100847e-06, 0.0, -0.8647612641273553, 0.0, -4.487992941100847e-06]",4326,1024,1024,2018-10-01T02:26:02.000Z,train,1,0.0021209716796875
palu-tsunami_00000043,xBD,palu-tsunami,tsunami,Tsunami,Low,Tsunami_Low,damaged_building_fraction,0.0333333333333333,60,2,0,0,2,train/images/palu-tsunami_00000043_pre_disaster.png,train/images/palu-tsunami_00000043_post_disaster.png,train/targets/palu-tsunami_00000043_post_disaster_target.png,True,119.86592086190984,-0.7837613281839487,"[119.86362307243395, 4.48787007009586e-06, 0.0, -0.7814635387080596, 0.0, -4.48787007009586e-06]",4326,1024,1024,2018-10-01T02:26:02.000Z,train,2,0.0046539306640625
palu-tsunami_00000044,xBD,palu-tsunami,tsunami,Tsunami,Low,Tsunami_Low,damaged_building_fraction,0.0,273,0,0,0,0,train/images/palu-tsunami_00000044_pre_disaster.png,train/images/palu-tsunami_00000044_post_disaster.png,train/targets/palu-tsunami_00000044_post_disaster_target.png,True,119.82928053825675,-0.8762843290017658,"[119.826982674103, 4.488015925309255e-06, 0.0, -0.8739864648480075, 0.0, -4.488015925309255e-06]",4326,1024,1024,2018-10-01T02:26:02.000Z,train,0,0.0
palu-tsunami_00000045,xBD,palu-tsunami,tsunami,Tsunami,Low,Tsunami_Low,damaged_building_fraction,0.0267175572519083,786,21,0,7,14,train/images/palu-tsunami_00000045_pre_disaster.png,train/images/palu-tsunami_00000045_post_disaster.png,train/targets/palu-tsunami_00000045_post_disaster_target.png,True,119.83386108913382,-0.8762808383607198,"[119.83156323414495, 4.487998025144105e-06, 0.0, -0.873982983371846, 0.0, -4.487998025144105e-06]",4326,1024,1024,2018-10-01T02:26:02.000Z,train,1,0.0068817138671875
palu-tsunami_00000047,xBD,palu-tsunami,tsunami,Tsunami,Severe,Tsunami_Severe,damaged_building_fraction,0.5907172995780591,237,140,0,17,123,train/images/palu-tsunami_00000047_pre_disaster.png,train/images/palu-tsunami_00000047_post_disaster.png,train/targets/palu-tsunami_00000047_post_disaster_target.png,True,119.87502827363274,-0.7978673522593239,"[119.87273052297866, 4.487794246239584e-06, 0.0, -0.7955696016052493, 0.0, -4.487794246239584e-06]",4326,1024,1024,2018-10-01T02:26:02.000Z,train,3,0.0735321044921875
palu-tsunami_00000048,xBD,palu-tsunami,tsunami,Tsunami,Low,Tsunami_Low,damaged_building_fraction,0.0490797546012269,163,8,0,1,7,train/images/palu-tsunami_00000048_pre_disaster.png,train/images/palu-tsunami_00000048_post_disaster.png,train/targets/palu-tsunami_00000048_post_disaster_target.png,True,119.87963138794392,-0.8301388619889658,"[119.87733363812991, 4.487792605477008e-06, 0.0, -0.8278411121749616, 0.0, -4.487792605477008e-06]",4326,1024,1024,2018-10-01T02:26:02.000Z,train,3,0.00372314453125
palu-tsunami_00000050,xBD,palu-tsunami,tsunami,Tsunami,Low,Tsunami_Low,damaged_building_fraction,0.0666666666666666,15,1,0,0,1,train/images/palu-tsunami_00000050_pre_disaster.png,train/images/palu-tsunami_00000050_post_disaster.png,train/targets/palu-tsunami_00000050_post_disaster_target.png,True,119.88421168217748,-0.8301354964469791,"[119.88191394168948, 4.487774390645948e-06, 0.0, -0.8278377559589685, 0.0, -4.487774390645948e-06]",4326,1024,1024,2018-10-01T02:26:02.000Z,val,4,0.000244140625
palu-tsunami_00000051,xBD,palu-tsunami,tsunami,Tsunami,Moderate,Tsunami_Moderate,damaged_building_fraction,0.2028985507246377,69,14,0,1,13,train/images/palu-tsunami_00000051_pre_disaster.png,train/images/palu-tsunami_00000051_post_disaster.png,train/targets/palu-tsunami_00000051_post_disaster_target.png,True,119.8796149825734,-0.8070854773393807,"[119.8773172388458, 4.487780717938517e-06, 0.0, -0.8047877336117962, 0.0, -4.487780717938517e-06]",4326,1024,1024,2018-10-01T02:26:02.000Z,test,-1,0.01251220703125
palu-tsunami_00000053,xBD,palu-tsunami,tsunami,Tsunami,Severe,Tsunami_Severe,damaged_building_fraction,0.4489795918367347,98,44,0,6,38,train/images/palu-tsunami_00000053_pre_disaster.png,train/images/palu-tsunami_00000053_post_disaster.png,train/targets/palu-tsunami_00000053_post_disaster_target.png,True,119.87962148910584,-0.8163068315352865,"[119.87732374296537, 4.487785430593417e-06, 0.0, -0.8140090853948226, 0.0, -4.487785430593417e-06]",4326,1024,1024,2018-10-01T02:26:02.000Z,train,0,0.04730224609375
palu-tsunami_00000054,xBD,palu-tsunami,tsunami,Tsunami,Low,Tsunami_Low,damaged_building_fraction,0.0,605,0,0,0,0,train/images/palu-tsunami_00000054_pre_disaster.png,train/images/palu-tsunami_00000054_post_disaster.png,train/targets/palu-tsunami_00000054_post_disaster_target.png,True,119.82921516023376,-0.8811763371443,"[119.82691732117857, 4.487966904687549e-06, 0.0, -0.8788784980891, 0.0, -4.487966904687549e-06]",4326,1024,1024,2018-10-01T02:26:02.000Z,train,0,0.0
palu-tsunami_00000056,xBD,palu-tsunami,tsunami,Tsunami,Severe,Tsunami_Severe,damaged_building_fraction,0.3764705882352941,170,64,0,10,54,train/images/palu-tsunami_00000056_pre_disaster.png,train/images/palu-tsunami_00000056_post_disaster.png,train/targets/palu-tsunami_00000056_post_disaster_target.png,True,119.87963807986348,-0.8393602150567524,"[119.87734032756433, 4.487797459302467e-06, 0.0, -0.8370624627575896, 0.0, -4.487797459302467e-06]",4326,1024,1024,2018-10-01T02:26:02.000Z,val,2,0.0561676025390625
palu-tsunami_00000057,xBD,palu-tsunami,tsunami,Tsunami,Severe,Tsunami_Severe,damaged_building_fraction,0.6046511627906976,86,52,0,9,43,train/images/palu-tsunami_00000057_pre_disaster.png,train/images/palu-tsunami_00000057_post_disaster.png,train/targets/palu-tsunami_00000057_post_disaster_target.png,True,119.87050483655676,-0.8762527107898072,"[119.86820705541786, 4.487853786936822e-06, 0.0, -0.8739549296508955, 0.0, -4.487853786936822e-06]",4326,1024,1024,2018-10-01T02:26:02.000Z,train,2,0.0271453857421875
palu-tsunami_00000058,xBD,palu-tsunami,tsunami,Tsunami,Low,Tsunami_Low,damaged_building_fraction,0.0,775,0,0,0,0,train/images/palu-tsunami_00000058_pre_disaster.png,train/images/palu-tsunami_00000058_post_disaster.png,train/targets/palu-tsunami_00000058_post_disaster_target.png,True,119.83379566423146,-0.8811728271393773,"[119.83149783434082, 4.487949005142634e-06, 0.0, -0.8788749972487443, 0.0, -4.487949005142634e-06]",4326,1024,1024,2018-10-01T02:26:02.000Z,val,1,0.0
palu-tsunami_00000061,xBD,palu-tsunami,tsunami,Tsunami,Low,Tsunami_Low,damaged_building_fraction,0.0,171,0,0,0,0,train/images/palu-tsunami_00000061_pre_disaster.png,train/images/palu-tsunami_00000061_post_disaster.png,train/targets/palu-tsunami_00000061_post_disaster_target.png,True,119.8383831503995,-0.8903908894787511,"[119.83608532704116, 4.4879362467448226e-06, 0.0, -0.8880930661204177, 0.0, -4.4879362467448226e-06]",4326,1024,1024,2018-10-01T02:26:02.000Z,train,0,0.0
palu-tsunami_00000064,xBD,palu-tsunami,tsunami,Tsunami,Low,Tsunami_Low,damaged_building_fraction,0.0272373540856031,257,7,0,0,7,train/images/palu-tsunami_00000064_pre_disaster.png,train/images/palu-tsunami_00000064_post_disaster.png,train/targets/palu-tsunami_00000064_post_disaster_target.png,True,119.87966558911386,-0.8762456226671639,"[119.87736782658489, 4.487817439383515e-06, 0.0, -0.8739478601381995, 0.0, -4.487817439383515e-06]",4326,1024,1024,2018-10-01T02:26:02.000Z,train,1,0.003173828125
palu-tsunami_00000065,xBD,palu-tsunami,tsunami,Tsunami,Severe,Tsunami_Severe,damaged_building_fraction,0.5271317829457365,129,68,0,27,41,train/images/palu-tsunami_00000065_pre_disaster.png,train/images/palu-tsunami_00000065_post_disaster.png,train/targets/palu-tsunami_00000065_post_disaster_target.png,True,119.87507824462732,-0.8670277810152972,"[119.87278047538705, 4.487830547398144e-06, 0.0, -0.8647300117750294, 0.0, -4.487830547398144e-06]",4326,1024,1024,2018-10-01T02:26:02.000Z,val,0,0.0359039306640625
palu-tsunami_00000066,xBD,palu-tsunami,tsunami,Tsunami,Severe,Tsunami_Severe,damaged_building_fraction,0.9387755102040816,98,92,0,5,87,train/images/palu-tsunami_00000066_pre_disaster.png,train/images/palu-tsunami_00000066_post_disaster.png,train/targets/palu-tsunami_00000066_post_disaster_target.png,True,119.84295661743936,-0.8811657901648436,"[119.8406588059221, 4.487913119657299e-06, 0.0, -0.8788679786475792, 0.0, -4.487913119657299e-06]",4326,1024,1024,2018-10-01T02:26:02.000Z,train,4,0.04510498046875
palu-tsunami_00000067,xBD,palu-tsunami,tsunami,Tsunami,Low,Tsunami_Low,damaged_building_fraction,0.0,629,0,0,0,0,train/images/palu-tsunami_00000067_pre_disaster.png,train/images/palu-tsunami_00000067_post_disaster.png,train/targets/palu-tsunami_00000067_post_disaster_target.png,True,119.84296362912708,-0.8903873313072251,"[119.84066581496302, 4.487918289170543e-06, 0.0, -0.8880895171431699, 0.0, -4.487918289170543e-06]",4326,1024,1024,2018-10-01T02:26:02.000Z,train,0,0.0
palu-tsunami_00000068,xBD,palu-tsunami,tsunami,Tsunami,Low,Tsunami_Low,damaged_building_fraction,0.0508130081300813,492,25,0,9,16,train/images/palu-tsunami_00000068_pre_disaster.png,train/images/palu-tsunami_00000068_post_disaster.png,train/targets/palu-tsunami_00000068_post_disaster_target.png,True,119.84297071403158,-0.8996088719605364,"[119.84067289719181, 4.4879235151834865e-06, 0.0, -0.8973110551207625, 0.0, -4.4879235151834865e-06]",4326,1024,1024,2018-10-01T02:26:02.000Z,train,0,0.014404296875
palu-tsunami_00000069,xBD,palu-tsunami,tsunami,Tsunami,Severe,Tsunami_Severe,damaged_building_fraction,0.4526315789473684,475,215,0,18,197,train/images/palu-tsunami_00000069_pre_disaster.png,train/images/palu-tsunami_00000069_post_disaster.png,train/targets/palu-tsunami_00000069_post_disaster_target.png,True,119.84297787215384,-0.9088304121193964,"[119.84068005260941, 4.4879287976899295e-06, 0.0, -0.9065325925749791, 0.0, -4.4879287976899295e-06]",4326,1024,1024,2018-10-01T02:26:02.000Z,test,-1,0.1238861083984375
palu-tsunami_00000071,xBD,palu-tsunami,tsunami,Tsunami,Moderate,Tsunami_Moderate,damaged_building_fraction,0.15,100,15,0,2,13,train/images/palu-tsunami_00000071_pre_disaster.png,train/images/palu-tsunami_00000071_post_disaster.png,train/targets/palu-tsunami_00000071_post_disaster_target.png,True,119.87965860056369,-0.867024271474448,"[119.87736084063555, 4.4878123596434106e-06, 0.0, -0.8647265115463106, 0.0, -4.4878123596434106e-06]",4326,1024,1024,2018-10-01T02:26:02.000Z,train,4,0.0093231201171875
palu-tsunami_00000072,xBD,palu-tsunami,tsunami,Tsunami,Low,Tsunami_Low,damaged_building_fraction,0.0,484,0,0,0,0,train/images/palu-tsunami_00000072_pre_disaster.png,train/images/palu-tsunami_00000072_post_disaster.png,train/targets/palu-tsunami_00000072_post_disaster_target.png,True,119.84754408954294,-0.8903837674217964,"[119.84524628458792, 4.487900302782931e-06, 0.0, -0.8880859624667715, 0.0, -4.487900302782931e-06]",4326,1024,1024,2018-10-01T02:26:02.000Z,train,2,0.0
palu-tsunami_00000073,xBD,palu-tsunami,tsunami,Tsunami,Severe,Tsunami_Severe,damaged_building_fraction,0.3189655172413793,116,37,0,3,34,train/images/palu-tsunami_00000073_pre_disaster.png,train/images/palu-tsunami_00000073_post_disaster.png,train/targets/palu-tsunami_00000073_post_disaster_target.png,True,119.8796448459394,-0.8485815676638367,"[119.87734709112617, 4.487802369593288e-06, 0.0, -0.8462838128506049, 0.0, -4.487802369593288e-06]",4326,1024,1024,2018-10-01T02:26:02.000Z,train,1,0.042572021484375
palu-tsunami_00000074,xBD,palu-tsunami,tsunami,Tsunami,Low,Tsunami_Low,damaged_building_fraction,0.0,889,0,0,0,0,train/images/palu-tsunami_00000074_pre_disaster.png,train/images/palu-tsunami_00000074_post_disaster.png,train/targets/palu-tsunami_00000074_post_disaster_target.png,True,119.84755118582952,-0.899605271158901,"[119.845253378199, 4.487905528369012e-06, 0.0, -0.8973074635283761, 0.0, -4.487905528369012e-06]",4326,1024,1024,2018-10-01T02:26:02.000Z,train,0,0.0
palu-tsunami_00000076,xBD,palu-tsunami,tsunami,Tsunami,Low,Tsunami_Low,damaged_building_fraction,0.0,23,0,0,0,0,train/images/palu-tsunami_00000076_pre_disaster.png,train/images/palu-tsunami_00000076_post_disaster.png,train/targets/palu-tsunami_00000076_post_disaster_target.png,True,119.88423201259631,-0.8577994420914845,"[119.88193426456674, 4.487789120277068e-06, 0.0, -0.8555016940619027, 0.0, -4.487789120277068e-06]",4326,1024,1024,2018-10-01T02:26:02.000Z,test,-1,0.0
palu-tsunami_00000083,xBD,palu-tsunami,tsunami,Tsunami,Low,Tsunami_Low,damaged_building_fraction,0.0655021834061135,229,15,0,5,10,train/images/palu-tsunami_00000083_pre_disaster.png,train/images/palu-tsunami_00000083_post_disaster.png,train/targets/palu-tsunami_00000083_post_disaster_target.png,True,119.824682966712,-0.8532333249598741,"[119.82238509986253, 4.488021190341086e-06, 0.0, -0.8509354581104195, 0.0, -4.488021190341086e-06]",4326,1024,1024,2018-10-01T02:26:02.000Z,test,-1,0.0048065185546875
palu-tsunami_00000084,xBD,palu-tsunami,tsunami,Tsunami,Low,Tsunami_Low,damaged_building_fraction,0.0,595,0,0,0,0,train/images/palu-tsunami_00000084_pre_disaster.png,train/images/palu-tsunami_00000084_post_disaster.png,train/targets/palu-tsunami_00000084_post_disaster_target.png,True,119.85671207437194,-0.8995980522368437,"[119.85441428520414, 4.487869468345284e-06, 0.0, -0.897300263069051, 0.0, -4.487869468345284e-06]",4326,1024,1024,2018-10-01T02:26:02.000Z,test,-1,0.0
palu-tsunami_00000086,xBD,palu-tsunami,tsunami,Tsunami,Low,Tsunami_Low,damaged_building_fraction,0.0,138,0,0,0,0,train/images/palu-tsunami_00000086_pre_disaster.png,train/images/palu-tsunami_00000086_post_disaster.png,train/targets/palu-tsunami_00000086_post_disaster_target.png,True,119.8292770958368,-0.8716734497677366,"[119.82697923298826, 4.488013376011768e-06, 0.0, -0.8693755869192186, 0.0, -4.488013376011768e-06]",4326,1024,1024,2018-10-01T02:26:02.000Z,train,1,0.0
palu-tsunami_00000087,xBD,palu-tsunami,tsunami,Tsunami,Low,Tsunami_Low,damaged_building_fraction,0.0016849199663016,1187,2,0,0,2,train/images/palu-tsunami_00000087_pre_disaster.png,train/images/palu-tsunami_00000087_post_disaster.png,train/targets/palu-tsunami_00000087_post_disaster_target.png,True,119.86128536062616,-0.8903730414832852,"[119.85898758338669, 4.487846170847453e-06, 0.0, -0.8880752642438113, 0.0, -4.487846170847453e-06]",4326,1024,1024,2018-10-01T02:26:02.000Z,train,2,0.000244140625
palu-tsunami_00000088,xBD,palu-tsunami,tsunami,Tsunami,Moderate,Tsunami_Moderate,damaged_building_fraction,0.2132701421800948,211,45,0,29,16,train/images/palu-tsunami_00000088_pre_disaster.png,train/images/palu-tsunami_00000088_post_disaster.png,train/targets/palu-tsunami_00000088_post_disaster_target.png,True,119.83385764115648,-0.8716699774966903,"[119.83155978747273, 4.487995476065533e-06, 0.0, -0.8693721238129447, 0.0, -4.487995476065533e-06]",4326,1024,1024,2018-10-01T02:26:02.000Z,train,1,0.02264404296875
palu-tsunami_00000090,xBD,palu-tsunami,tsunami,Tsunami,Low,Tsunami_Low,damaged_building_fraction,0.0094339622641509,212,2,0,2,0,train/images/palu-tsunami_00000090_pre_disaster.png,train/images/palu-tsunami_00000090_post_disaster.png,train/targets/palu-tsunami_00000090_post_disaster_target.png,True,119.7971576657398,-0.7933104624231844,"[119.79485976024682, 4.488096665981465e-06, 0.0, -0.7910125569302019, 0.0, -4.488096665981465e-06]",4326,1024,1024,2018-10-01T02:26:02.000Z,test,-1,0.0003509521484375
palu-tsunami_00000092,xBD,palu-tsunami,tsunami,Tsunami,Low,Tsunami_Low,damaged_building_fraction,0.0174672489082969,229,4,0,0,4,train/images/palu-tsunami_00000092_pre_disaster.png,train/images/palu-tsunami_00000092_post_disaster.png,train/targets/palu-tsunami_00000092_post_disaster_target.png,True,119.80173824802084,-0.7933073380752994,"[119.79944035158752, 4.4880789712893095e-06, 0.0, -0.7910094416419993, 0.0, -4.4880789712893095e-06]",4326,1024,1024,2018-10-01T02:26:02.000Z,train,4,0.0002288818359375
palu-tsunami_00000097,xBD,palu-tsunami,tsunami,Tsunami,Low,Tsunami_Low,damaged_building_fraction,0.0014144271570014,707,1,0,0,1,train/images/palu-tsunami_00000097_pre_disaster.png,train/images/palu-tsunami_00000097_post_disaster.png,train/targets/palu-tsunami_00000097_post_disaster_target.png,True,119.87960679725585,-0.8903586602443099,"[119.87730905717687, 4.48777359173659e-06, 0.0, -0.8880609201653408, 0.0, -4.48777359173659e-06]",4326,1024,1024,2018-10-01T02:26:02.000Z,train,2,0.000244140625
palu-tsunami_00000098,xBD,palu-tsunami,tsunami,Tsunami,Low,Tsunami_Low,damaged_building_fraction,0.0,1000,0,0,0,0,train/images/palu-tsunami_00000098_pre_disaster.png,train/images/palu-tsunami_00000098_post_disaster.png,train/targets/palu-tsunami_00000098_post_disaster_target.png,True,119.87959969545886,-0.8811374160873149,"[119.87730195802493, 4.4877684256582375e-06, 0.0, -0.8788396786533779, 0.0, -4.4877684256582375e-06]",4326,1024,1024,2018-10-01T02:26:02.000Z,val,4,0.0
palu-tsunami_00000099,xBD,palu-tsunami,tsunami,Tsunami,Low,Tsunami_Low,damaged_building_fraction,0.0,138,0,0,0,0,train/images/palu-tsunami_00000099_pre_disaster.png,train/images/palu-tsunami_00000099_post_disaster.png,train/targets/palu-tsunami_00000099_post_disaster_target.png,True,119.8842150241593,-0.8347461543429918,"[119.88191728243244, 4.487776810288412e-06, 0.0, -0.8324484126161241, 0.0, -4.487776810288412e-06]",4326,1024,1024,2018-10-01T02:26:02.000Z,train,2,0.0
palu-tsunami_00000100,xBD,palu-tsunami,tsunami,Tsunami,Low,Tsunami_Low,damaged_building_fraction,0.027027027027027,74,2,0,0,2,train/images/palu-tsunami_00000100_pre_disaster.png,train/images/palu-tsunami_00000100_post_disaster.png,train/targets/palu-tsunami_00000100_post_disaster_target.png,True,119.80175076588642,-0.8117513004903678,"[119.79945286467773, 4.488088298235885e-06, 0.0, -0.809453399281671, 0.0, -4.488088298235885e-06]",4326,1024,1024,2018-10-01T02:26:02.000Z,test,-1,0.0004119873046875
palu-tsunami_00000101,xBD,palu-tsunami,tsunami,Tsunami,Low,Tsunami_Low,damaged_building_fraction,0.0,102,0,0,0,0,train/images/palu-tsunami_00000101_pre_disaster.png,train/images/palu-tsunami_00000101_post_disaster.png,train/targets/palu-tsunami_00000101_post_disaster_target.png,True,119.88417999705976,-0.8811338438843191,"[119.8818822689526, 4.487750209324382e-06, 0.0, -0.878836115777145, 0.0, -4.487750209324382e-06]",4326,1024,1024,2018-10-01T02:26:02.000Z,train,1,0.0
palu-tsunami_00000102,xBD,palu-tsunami,tsunami,Tsunami,Low,Tsunami_Low,damaged_building_fraction,0.0,101,0,0,0,0,train/images/palu-tsunami_00000102_pre_disaster.png,train/images/palu-tsunami_00000102_post_disaster.png,train/targets/palu-tsunami_00000102_post_disaster_target.png,True,119.80633135053044,-0.8117480982836844,"[119.8040334583966, 4.488070573896817e-06, 0.0, -0.8094502061498493, 0.0, -4.488070573896817e-06]",4326,1024,1024,2018-10-01T02:26:02.000Z,train,2,0.0
palu-tsunami_00000103,xBD,palu-tsunami,tsunami,Tsunami,Severe,Tsunami_Severe,damaged_building_fraction,1.0,3,3,0,1,2,train/images/palu-tsunami_00000103_pre_disaster.png,train/images/palu-tsunami_00000103_post_disaster.png,train/targets/palu-tsunami_00000103_post_disaster_target.png,True,119.80175713305024,-0.8209732810378783,"[119.79945922941047, 4.488093046413629e-06, 0.0, -0.8186753773981145, 0.0, -4.488093046413629e-06]",4326,1024,1024,2018-10-01T02:26:02.000Z,test,-1,0.000518798828125
palu-tsunami_00000106,xBD,palu-tsunami,tsunami,Tsunami,Low,Tsunami_Low,damaged_building_fraction,0.0495049504950495,101,5,0,3,2,train/images/palu-tsunami_00000106_pre_disaster.png,train/images/palu-tsunami_00000106_post_disaster.png,train/targets/palu-tsunami_00000106_post_disaster_target.png,True,119.80632818886014,-0.8071371260357688,"[119.80403029793088, 4.488068221212412e-06, 0.0, -0.804839235106508, 0.0, -4.488068221212412e-06]",4326,1024,1024,2018-10-01T02:26:02.000Z,train,1,0.0023345947265625
palu-tsunami_00000107,xBD,palu-tsunami,tsunami,Tsunami,Moderate,Tsunami_Moderate,damaged_building_fraction,0.2236842105263158,76,17,0,5,12,train/images/palu-tsunami_00000107_pre_disaster.png,train/images/palu-tsunami_00000107_post_disaster.png,train/targets/palu-tsunami_00000107_post_disaster_target.png,True,119.81091830502416,-0.8209667985877447,"[119.8086204195493, 4.488057568065099e-06, 0.0, -0.8186689131128954, 0.0, -4.488057568065099e-06]",4326,1024,1024,2018-10-01T02:26:02.000Z,test,-1,0.008880615234375
palu-tsunami_00000108,xBD,palu-tsunami,tsunami,Tsunami,Low,Tsunami_Low,damaged_building_fraction,0.0382165605095541,157,6,0,1,5,train/images/palu-tsunami_00000108_pre_disaster.png,train/images/palu-tsunami_00000108_post_disaster.png,train/targets/palu-tsunami_00000108_post_disaster_target.png,True,119.80174135042972,-0.797918328842396,"[119.79944345281342, 4.488081281848392e-06, 0.0, -0.7956204312260896, 0.0, -4.488081281848392e-06]",4326,1024,1024,2018-10-01T02:26:02.000Z,train,3,0.00189208984375
palu-tsunami_00000109,xBD,palu-tsunami,tsunami,Tsunami,Low,Tsunami_Low,damaged_building_fraction,0.0405405405405405,296,12,0,8,4,train/images/palu-tsunami_00000109_pre_disaster.png,train/images/palu-tsunami_00000109_post_disaster.png,train/targets/palu-tsunami_00000109_post_disaster_target.png,True,119.83837964105062,-0.8857801005399142,"[119.83608181901941, 4.487933654713627e-06, 0.0, -0.8834822785087008, 0.0, -4.487933654713627e-06]",4326,1024,1024,2018-10-01T02:26:02.000Z,val,4,0.011932373046875
palu-tsunami_00000110,xBD,palu-tsunami,tsunami,Tsunami,Severe,Tsunami_Severe,damaged_building_fraction,0.9117647058823528,102,93,0,0,93,train/images/palu-tsunami_00000110_pre_disaster.png,train/images/palu-tsunami_00000110_post_disaster.png,train/targets/palu-tsunami_00000110_post_disaster_target.png,True,119.87050134412442,-0.8716419979511297,"[119.86820356428976, 4.487851239563599e-06, 0.0, -0.8693442181164732, 0.0, -4.487851239563599e-06]",4326,1024,1024,2018-10-01T02:26:02.000Z,train,0,0.0079498291015625
palu-tsunami_00000111,xBD,palu-tsunami,tsunami,Tsunami,Moderate,Tsunami_Moderate,damaged_building_fraction,0.16,50,8,0,1,7,train/images/palu-tsunami_00000111_pre_disaster.png,train/images/palu-tsunami_00000111_post_disaster.png,train/targets/palu-tsunami_00000111_post_disaster_target.png,True,119.81090875028248,-0.8071339368405601,"[119.80861086844271, 4.488050468259657e-06, 0.0, -0.8048360550008111, 0.0, -4.488050468259657e-06]",4326,1024,1024,2018-10-01T02:26:02.000Z,val,3,0.006317138671875
palu-tsunami_00000112,xBD,palu-tsunami,tsunami,Tsunami,Severe,Tsunami_Severe,damaged_building_fraction,0.5161290322580645,217,112,1,20,91,train/images/palu-tsunami_00000112_pre_disaster.png,train/images/palu-tsunami_00000112_post_disaster.png,train/targets/palu-tsunami_00000112_post_disaster_target.png,True,119.87964145363183,-0.8439708914182226,"[119.87734370007927, 4.48779990738367e-06, 0.0, -0.8416731378656421, 0.0, -4.48779990738367e-06]",4326,1024,1024,2018-10-01T02:26:02.000Z,train,1,0.0750579833984375
palu-tsunami_00000115,xBD,palu-tsunami,tsunami,Tsunami,Moderate,Tsunami_Moderate,damaged_building_fraction,0.1756440281030445,427,75,0,60,15,train/images/palu-tsunami_00000115_pre_disaster.png,train/images/palu-tsunami_00000115_post_disaster.png,train/targets/palu-tsunami_00000115_post_disaster_target.png,True,119.8429601141312,-0.8857765607968279,"[119.84066230129415, 4.487915697342814e-06, 0.0, -0.8834787479597883, 0.0, -4.487915697342814e-06]",4326,1024,1024,2018-10-01T02:26:02.000Z,val,4,0.09698486328125
palu-tsunami_00000118,xBD,palu-tsunami,tsunami,Tsunami,Severe,Tsunami_Severe,damaged_building_fraction,0.8404774823657081,1843,1549,0,9,1540,train/images/palu-tsunami_00000118_pre_disaster.png,train/images/palu-tsunami_00000118_post_disaster.png,train/targets/palu-tsunami_00000118_post_disaster_target.png,True,119.84297428394044,-0.9042196421021091,"[119.84067646575195, 4.4879261493758714e-06, 0.0, -0.9019218239136287, 0.0, -4.4879261493758714e-06]",4326,1024,1024,2018-10-01T02:26:02.000Z,train,3,0.4432373046875
palu-tsunami_00000119,xBD,palu-tsunami,tsunami,Tsunami,Low,Tsunami_Low,damaged_building_fraction,0.0096463022508038,311,3,0,0,3,train/images/palu-tsunami_00000119_pre_disaster.png,train/images/palu-tsunami_00000119_post_disaster.png,train/targets/palu-tsunami_00000119_post_disaster_target.png,True,119.838400971268,-0.9134448323261456,"[119.83610314116557, 4.487949418792109e-06, 0.0, -0.9111470022237239, 0.0, -4.487949418792109e-06]",4326,1024,1024,2018-10-01T02:26:02.000Z,val,3,0.000701904296875
palu-tsunami_00000121,xBD,palu-tsunami,tsunami,Tsunami,Severe,Tsunami_Severe,damaged_building_fraction,0.7,10,7,0,2,5,train/images/palu-tsunami_00000121_pre_disaster.png,train/images/palu-tsunami_00000121_post_disaster.png,train/targets/palu-tsunami_00000121_post_disaster_target.png,True,119.80634417789236,-0.8301919861637634,"[119.80404628086794, 4.4880801258514876e-06, 0.0, -0.8278940891393275, 0.0, -4.4880801258514876e-06]",4326,1024,1024,2018-10-01T02:26:02.000Z,test,-1,0.0016632080078125
palu-tsunami_00000122,xBD,palu-tsunami,tsunami,Tsunami,Moderate,Tsunami_Moderate,damaged_building_fraction,0.1697247706422018,218,37,0,1,36,train/images/palu-tsunami_00000122_pre_disaster.png,train/images/palu-tsunami_00000122_post_disaster.png,train/targets/palu-tsunami_00000122_post_disaster_target.png,True,119.8475405689001,-0.8857730153694492,"[119.84524276527198, 4.48789771119288e-06, 0.0, -0.8834752117413185, 0.0, -4.48789771119288e-06]",4326,1024,1024,2018-10-01T02:26:02.000Z,train,2,0.0124053955078125
palu-tsunami_00000123,xBD,palu-tsunami,tsunami,Tsunami,Low,Tsunami_Low,damaged_building_fraction,0.0,249,0,0,0,0,train/images/palu-tsunami_00000123_pre_disaster.png,train/images/palu-tsunami_00000123_post_disaster.png,train/targets/palu-tsunami_00000123_post_disaster_target.png,True,119.87966208556884,-0.8716349471307475,"[119.87736432434392, 4.487814892448881e-06, 0.0, -0.8693371859058137, 0.0, -4.487814892448881e-06]",4326,1024,1024,2018-10-01T02:26:02.000Z,train,3,0.0
palu-tsunami_00000125,xBD,palu-tsunami,tsunami,Tsunami,Moderate,Tsunami_Moderate,damaged_building_fraction,0.2587991718426501,966,250,0,53,197,train/images/palu-tsunami_00000125_pre_disaster.png,train/images/palu-tsunami_00000125_post_disaster.png,train/targets/palu-tsunami_00000125_post_disaster_target.png,True,119.84755476147352,-0.9042160228423064,"[119.8452569524944, 4.487908162351882e-06, 0.0, -0.9019182138631822, 0.0, -4.487908162351882e-06]",4326,1024,1024,2018-10-01T02:26:02.000Z,test,-1,0.1519317626953125
palu-tsunami_00000126,xBD,palu-tsunami,tsunami,Tsunami,Low,Tsunami_Low,damaged_building_fraction,0.0,499,0,0,0,0,train/images/palu-tsunami_00000126_pre_disaster.png,train/images/palu-tsunami_00000126_post_disaster.png,train/targets/palu-tsunami_00000126_post_disaster_target.png,True,119.85212807627032,-0.8949909312649583,"[119.84983027920505, 4.48788489311857e-06, 0.0, -0.8926931341996817, 0.0, -4.48788489311857e-06]",4326,1024,1024,2018-10-01T02:26:02.000Z,test,-1,0.0
palu-tsunami_00000128,xBD,palu-tsunami,tsunami,Tsunami,Low,Tsunami_Low,damaged_building_fraction,0.0,178,0,0,0,0,train/images/palu-tsunami_00000128_pre_disaster.png,train/images/palu-tsunami_00000128_post_disaster.png,train/targets/palu-tsunami_00000128_post_disaster_target.png,True,119.84298147867187,-0.9134411820117292,"[119.8406836577643, 4.487931460133006e-06, 0.0, -0.9111433611041411, 0.0, -4.487931460133006e-06]",4326,1024,1024,2018-10-01T02:26:02.000Z,val,3,0.0
palu-tsunami_00000131,xBD,palu-tsunami,tsunami,Tsunami,Moderate,Tsunami_Moderate,damaged_building_fraction,0.2275,400,91,0,37,54,train/images/palu-tsunami_00000131_pre_disaster.png,train/images/palu-tsunami_00000131_post_disaster.png,train/targets/palu-tsunami_00000131_post_disaster_target.png,True,119.85212100532804,-0.8857694642578672,"[119.84982321092357, 4.487879696216025e-06, 0.0, -0.8834716698534045, 0.0, -4.487879696216025e-06]",4326,1024,1024,2018-10-01T02:26:02.000Z,train,0,0.0685882568359375
palu-tsunami_00000132,xBD,palu-tsunami,tsunami,Tsunami,Low,Tsunami_Low,damaged_building_fraction,0.0303030303030303,33,1,0,0,1,train/images/palu-tsunami_00000132_pre_disaster.png,train/images/palu-tsunami_00000132_post_disaster.png,train/targets/palu-tsunami_00000132_post_disaster_target.png,True,119.8842424284847,-0.8716314133310785,"[119.88194467658674, 4.487796675701031e-06, 0.0, -0.8693336614331196, 0.0, -4.487796675701031e-06]",4326,1024,1024,2018-10-01T02:26:02.000Z,train,3,0.000213623046875
palu-tsunami_00000133,xBD,palu-tsunami,tsunami,Tsunami,Low,Tsunami_Low,damaged_building_fraction,0.0634920634920634,63,4,0,0,4,train/images/palu-tsunami_00000133_pre_disaster.png,train/images/palu-tsunami_00000133_post_disaster.png,train/targets/palu-tsunami_00000133_post_disaster_target.png,True,119.8842285777715,-0.8531887847749062,"[119.88193083101692, 4.48778663004669e-06, 0.0, -0.8508910380203223, 0.0, -4.48778663004669e-06]",4326,1024,1024,2018-10-01T02:26:02.000Z,val,4,0.0004119873046875
palu-tsunami_00000134,xBD,palu-tsunami,tsunami,Tsunami,Low,Tsunami_Low,damaged_building_fraction,0.0053333333333333,750,4,0,2,2,train/images/palu-tsunami_00000134_pre_disaster.png,train/images/palu-tsunami_00000134_post_disaster.png,train/targets/palu-tsunami_00000134_post_disaster_target.png,True,119.85670850565064,-0.8949873374348192,"[119.854410717824, 4.48786684893075e-06, 0.0, -0.8926895496081666, 0.0, -4.48786684893075e-06]",4326,1024,1024,2018-10-01T02:26:02.000Z,train,4,0.0043182373046875
palu-tsunami_00000136,xBD,palu-tsunami,tsunami,Tsunami,Severe,Tsunami_Severe,damaged_building_fraction,0.4183673469387755,294,123,0,24,99,train/images/palu-tsunami_00000136_pre_disaster.png,train/images/palu-tsunami_00000136_post_disaster.png,train/targets/palu-tsunami_00000136_post_disaster_target.png,True,119.85670142338554,-0.8857659074622124,"[119.8544036382195, 4.487861652446965e-06, 0.0, -0.8834681222961596, 0.0, -4.487861652446965e-06]",4326,1024,1024,2018-10-01T02:26:02.000Z,train,4,0.0793304443359375
palu-tsunami_00000137,xBD,palu-tsunami,tsunami,Tsunami,Low,Tsunami_Low,damaged_building_fraction,0.0,1766,0,0,0,0,train/images/palu-tsunami_00000137_pre_disaster.png,train/images/palu-tsunami_00000137_post_disaster.png,train/targets/palu-tsunami_00000137_post_disaster_target.png,True,119.86128891663093,-0.894983737861524,"[119.85899113805765, 4.487848775923997e-06, 0.0, -0.8926859592882509, 0.0, -4.487848775923997e-06]",4326,1024,1024,2018-10-01T02:26:02.000Z,train,0,0.0
palu-tsunami_00000140,xBD,palu-tsunami,tsunami,Tsunami,Low,Tsunami_Low,damaged_building_fraction,0.0,950,0,0,0,0,train/images/palu-tsunami_00000140_pre_disaster.png,train/images/palu-tsunami_00000140_post_disaster.png,train/targets/palu-tsunami_00000140_post_disaster_target.png,True,119.86586930918176,-0.8949801325452061,"[119.86357153987659, 4.4878306741336785e-06, 0.0, -0.8926823632400497, 0.0, -4.4878306741336785e-06]",4326,1024,1024,2018-10-01T02:26:02.000Z,test,-1,0.0
palu-tsunami_00000142,xBD,palu-tsunami,tsunami,Tsunami,Severe,Tsunami_Severe,damaged_building_fraction,0.68,25,17,0,1,16,train/images/palu-tsunami_00000142_pre_disaster.png,train/images/palu-tsunami_00000142_post_disaster.png,train/targets/palu-tsunami_00000142_post_disaster_target.png,True,119.81093129804648,-0.8394106126813334,"[119.80863340762365, 4.4880672321050685e-06, 0.0, -0.8371127222584956, 0.0, -4.4880672321050685e-06]",4326,1024,1024,2018-10-01T02:26:02.000Z,val,2,0.0053863525390625
palu-tsunami_00000145,xBD,palu-tsunami,tsunami,Tsunami,Severe,Tsunami_Severe,damaged_building_fraction,0.3888888888888889,18,7,0,2,5,train/images/palu-tsunami_00000145_pre_disaster.png,train/images/palu-tsunami_00000145_post_disaster.png,train/targets/palu-tsunami_00000145_post_disaster_target.png,True,119.81092152613309,-0.8255777522806276,"[119.80862363943207, 4.488059962904901e-06, 0.0, -0.8232798655796203, 0.0, -4.488059962904901e-06]",4326,1024,1024,2018-10-01T02:26:02.000Z,test,-1,0.00543212890625
palu-tsunami_00000148,xBD,palu-tsunami,tsunami,Tsunami,Severe,Tsunami_Severe,damaged_building_fraction,0.8421052631578947,19,16,0,2,14,train/images/palu-tsunami_00000148_pre_disaster.png,train/images/palu-tsunami_00000148_post_disaster.png,train/targets/palu-tsunami_00000148_post_disaster_target.png,True,119.81551187800416,-0.8394072905477761,"[119.81321399668633, 4.48804944887479e-06, 0.0, -0.8371094092299521, 0.0, -4.48804944887479e-06]",4326,1024,1024,2018-10-01T02:26:02.000Z,train,1,0.0094757080078125
palu-tsunami_00000152,xBD,palu-tsunami,tsunami,Tsunami,Low,Tsunami_Low,damaged_building_fraction,0.0037453183520599,801,3,0,2,1,train/images/palu-tsunami_00000152_pre_disaster.png,train/images/palu-tsunami_00000152_post_disaster.png,train/targets/palu-tsunami_00000152_post_disaster_target.png,True,119.8796032370877,-0.8857480382267855,"[119.87730549833485, 4.487771001636142e-06, 0.0, -0.8834502994739478, 0.0, -4.487771001636142e-06]",4326,1024,1024,2018-10-01T02:26:02.000Z,test,-1,0.0019989013671875
palu-tsunami_00000153,xBD,palu-tsunami,tsunami,Tsunami,Low,Tsunami_Low,damaged_building_fraction,0.0,80,0,0,0,0,train/images/palu-tsunami_00000153_pre_disaster.png,train/images/palu-tsunami_00000153_post_disaster.png,train/targets/palu-tsunami_00000153_post_disaster_target.png,True,119.82010576558538,-0.8578476291581851,"[119.81780788832455, 4.4880415250717715e-06, 0.0, -0.8555497518973484, 0.0, -4.4880415250717715e-06]",4326,1024,1024,2018-10-01T02:26:02.000Z,train,2,0.0
palu-tsunami_00000154,xBD,palu-tsunami,tsunami,Tsunami,Low,Tsunami_Low,damaged_building_fraction,0.0,44,0,0,0,0,train/images/palu-tsunami_00000154_pre_disaster.png,train/images/palu-tsunami_00000154_post_disaster.png,train/targets/palu-tsunami_00000154_post_disaster_target.png,True,119.81092802264412,-0.8347996593280977,"[119.80863013346912, 4.488064794935229e-06, 0.0, -0.8325017701530909, 0.0, -4.488064794935229e-06]",4326,1024,1024,2018-10-01T02:26:02.000Z,train,4,0.0
palu-tsunami_00000155,xBD,palu-tsunami,tsunami,Tsunami,Low,Tsunami_Low,damaged_building_fraction,0.0,69,0,0,0,0,train/images/palu-tsunami_00000155_pre_disaster.png,train/images/palu-tsunami_00000155_post_disaster.png,train/targets/palu-tsunami_00000155_post_disaster_target.png,True,119.82010240691017,-0.8532367127996536,"[119.81780453092587, 4.488039031830106e-06, 0.0, -0.8509388368153566, 0.0, -4.488039031830106e-06]",4326,1024,1024,2018-10-01T02:26:02.000Z,test,-1,0.0
palu-tsunami_00000157,xBD,palu-tsunami,tsunami,Tsunami,Low,Tsunami_Low,damaged_building_fraction,0.0,48,0,0,0,0,train/images/palu-tsunami_00000157_pre_disaster.png,train/images/palu-tsunami_00000157_post_disaster.png,train/targets/palu-tsunami_00000157_post_disaster_target.png,True,119.82010914241788,-0.8624585453994023,"[119.81781126387327, 4.4880440324403035e-06, 0.0, -0.8601606668547929, 0.0, -4.4880440324403035e-06]",4326,1024,1024,2018-10-01T02:26:02.000Z,train,0,0.0
palu-tsunami_00000160,xBD,palu-tsunami,tsunami,Tsunami,Moderate,Tsunami_Moderate,damaged_building_fraction,0.2612612612612612,222,58,0,9,49,train/images/palu-tsunami_00000160_pre_disaster.png,train/images/palu-tsunami_00000160_post_disaster.png,train/targets/palu-tsunami_00000160_post_disaster_target.png,True,119.820095744031,-0.8440148797333418,"[119.8177978705781, 4.488034087713644e-06, 0.0, -0.8417170062804323, 0.0, -4.488034087713644e-06]",4326,1024,1024,2018-10-01T02:26:02.000Z,train,2,0.0299835205078125
palu-tsunami_00000161,xBD,palu-tsunami,tsunami,Tsunami,Severe,Tsunami_Severe,damaged_building_fraction,0.3573883161512027,291,104,0,6,98,train/images/palu-tsunami_00000161_pre_disaster.png,train/images/palu-tsunami_00000161_post_disaster.png,train/targets/palu-tsunami_00000161_post_disaster_target.png,True,119.90340610911126,-0.9365168852107608,"[119.90110822525574, 4.488054405318321e-06, 0.0, -0.9342190013552378, 0.0, -4.488054405318321e-06]",4326,1024,1024,2018-10-01T02:26:02.000Z,test,-1,0.0761871337890625
palu-tsunami_00000164,xBD,palu-tsunami,tsunami,Tsunami,Moderate,Tsunami_Moderate,damaged_building_fraction,0.2691029900332226,301,81,0,52,29,train/images/palu-tsunami_00000164_pre_disaster.png,train/images/palu-tsunami_00000164_post_disaster.png,train/targets/palu-tsunami_00000164_post_disaster_target.png,True,119.91257498525071,-0.9457309105759758,"[119.91027711740436, 4.488023137445146e-06, 0.0, -0.9434330427296039, 0.0, -4.488023137445146e-06]",4326,1024,1024,2018-10-01T02:26:02.000Z,train,0,0.030120849609375
palu-tsunami_00000166,xBD,palu-tsunami,tsunami,Tsunami,Severe,Tsunami_Severe,damaged_building_fraction,0.4070796460176991,113,46,0,10,36,train/images/palu-tsunami_00000166_pre_disaster.png,train/images/palu-tsunami_00000166_post_disaster.png,train/targets/palu-tsunami_00000166_post_disaster_target.png,True,119.88506578431505,-0.8209764504686712,"[119.88276786935984, 4.4881151468495494e-06, 0.0, -0.8186785355134842, 0.0, -4.4881151468495494e-06]",4326,1024,1024,2018-10-01T02:26:02.000Z,train,3,0.14801025390625
palu-tsunami_00000167,xBD,palu-tsunami,tsunami,Tsunami,Moderate,Tsunami_Moderate,damaged_building_fraction,0.2751423149905123,527,145,0,8,137,train/images/palu-tsunami_00000167_pre_disaster.png,train/images/palu-tsunami_00000167_post_disaster.png,train/targets/palu-tsunami_00000167_post_disaster_target.png,True,119.91715559018084,-0.9457270324292794,"[119.9148577317702, 4.4880047082485735e-06, 0.0, -0.9434291740186561, 0.0, -4.4880047082485735e-06]",4326,1024,1024,2018-10-01T02:26:02.000Z,train,0,0.062530517578125
palu-tsunami_00000168,xBD,palu-tsunami,tsunami,Tsunami,Severe,Tsunami_Severe,damaged_building_fraction,0.9308510638297872,188,175,0,0,175,train/images/palu-tsunami_00000168_pre_disaster.png,train/images/palu-tsunami_00000168_post_disaster.png,train/targets/palu-tsunami_00000168_post_disaster_target.png,True,119.91714794425124,-0.9365053822643646,"[119.91485008865807, 4.4879992053997644e-06, 0.0, -0.9342075266712, 0.0, -4.4879992053997644e-06]",4326,1024,1024,2018-10-01T02:26:02.000Z,train,3,0.0752716064453125
palu-tsunami_00000169,xBD,palu-tsunami,tsunami,Tsunami,Moderate,Tsunami_Moderate,damaged_building_fraction,0.2407407407407407,108,26,0,0,26,train/images/palu-tsunami_00000169_pre_disaster.png,train/images/palu-tsunami_00000169_post_disaster.png,train/targets/palu-tsunami_00000169_post_disaster_target.png,True,119.92173617631886,-0.945723148214125,"[119.91943832735875, 4.487986250231573e-06, 0.0, -0.9434252992540064, 0.0, -4.487986250231573e-06]",4326,1024,1024,2018-10-01T02:26:02.000Z,train,2,0.0130462646484375
palu-tsunami_00000171,xBD,palu-tsunami,tsunami,Tsunami,Moderate,Tsunami_Moderate,damaged_building_fraction,0.1267605633802817,71,9,0,3,6,train/images/palu-tsunami_00000171_pre_disaster.png,train/images/palu-tsunami_00000171_post_disaster.png,train/targets/palu-tsunami_00000171_post_disaster_target.png,True,119.88507241556964,-0.8301984765680351,"[119.88277449815789, 4.488119944832773e-06, 0.0, -0.8279005591562808, 0.0, -4.488119944832773e-06]",4326,1024,1024,2018-10-01T02:26:02.000Z,train,2,0.0097503662109375
palu-tsunami_00000174,xBD,palu-tsunami,tsunami,Tsunami,Low,Tsunami_Low,damaged_building_fraction,0.0,294,0,0,0,0,train/images/palu-tsunami_00000174_pre_disaster.png,train/images/palu-tsunami_00000174_post_disaster.png,train/targets/palu-tsunami_00000174_post_disaster_target.png,True,119.88509275517734,-0.8578645521109622,"[119.88279483022235, 4.488134677700414e-06, 0.0, -0.8555666271559796, 0.0, -4.488134677700414e-06]",4326,1024,1024,2018-10-01T02:26:02.000Z,val,2,0.0
palu-tsunami_00000175,xBD,palu-tsunami,tsunami,Tsunami,Low,Tsunami_Low,damaged_building_fraction,0.0028818443804034,347,1,0,1,0,train/images/palu-tsunami_00000175_pre_disaster.png,train/images/palu-tsunami_00000175_post_disaster.png,train/targets/palu-tsunami_00000175_post_disaster_target.png,True,119.8850757590619,-0.8348094894472127,"[119.88277784041102, 4.48812236501701e-06, 0.0, -0.832511570796324, 0.0, -4.48812236501701e-06]",4326,1024,1024,2018-10-01T02:26:02.000Z,train,1,0.003997802734375
palu-tsunami_00000177,xBD,palu-tsunami,tsunami,Tsunami,Low,Tsunami_Low,damaged_building_fraction,0.0,239,0,0,0,0,train/images/palu-tsunami_00000177_pre_disaster.png,train/images/palu-tsunami_00000177_post_disaster.png,train/targets/palu-tsunami_00000177_post_disaster_target.png,True,119.8850893188,-0.8532535398114177,"[119.8827913951203, 4.488132186928301e-06, 0.0, -0.8509556161317104, 0.0, -4.488132186928301e-06]",4326,1024,1024,2018-10-01T02:26:02.000Z,train,4,0.0
palu-tsunami_00000178,xBD,palu-tsunami,tsunami,Tsunami,Severe,Tsunami_Severe,damaged_building_fraction,0.3621794871794871,624,226,0,3,223,train/images/palu-tsunami_00000178_pre_disaster.png,train/images/palu-tsunami_00000178_post_disaster.png,train/targets/palu-tsunami_00000178_post_disaster_target.png,True,119.9034099047736,-0.9411277670023148,"[119.90111201951264, 4.48805715032631e-06, 0.0, -0.9388298817413476, 0.0, -4.48805715032631e-06]",4326,1024,1024,2018-10-01T02:26:02.000Z,train,4,0.118988037109375
palu-tsunami_00000179,xBD,palu-tsunami,tsunami,Tsunami,Low,Tsunami_Low,damaged_building_fraction,0.0,475,0,0,0,0,train/images/palu-tsunami_00000179_pre_disaster.png,train/images/palu-tsunami_00000179_post_disaster.png,train/targets/palu-tsunami_00000179_post_disaster_target.png,True,119.88508250177696,-0.8440315148611456,"[119.88278458062612, 4.488127247722236e-06, 0.0, -0.8417335937103118, 0.0, -4.488127247722236e-06]",4326,1024,1024,2018-10-01T02:26:02.000Z,train,0,0.0
palu-tsunami_00000182,xBD,palu-tsunami,tsunami,Tsunami,Severe,Tsunami_Severe,damaged_building_fraction,0.8713355048859935,614,535,0,24,511,train/images/palu-tsunami_00000182_pre_disaster.png,train/images/palu-tsunami_00000182_post_disaster.png,train/targets/palu-tsunami_00000182_post_disaster_target.png,True,119.91715175782385,-0.9411162074120428,"[119.91485390082558, 4.488001949737512e-06, 0.0, -0.9388183504137774, 0.0, -4.488001949737512e-06]",4326,1024,1024,2018-10-01T02:26:02.000Z,test,-1,0.185577392578125
palu-tsunami_00000183,xBD,palu-tsunami,tsunami,Tsunami,Moderate,Tsunami_Moderate,damaged_building_fraction,0.288,125,36,0,2,34,train/images/palu-tsunami_00000183_pre_disaster.png,train/images/palu-tsunami_00000183_post_disaster.png,train/targets/palu-tsunami_00000183_post_disaster_target.png,True,119.92173233796264,-0.941112342137424,"[119.91943449041476, 4.487983491968552e-06, 0.0, -0.938814494589536, 0.0, -4.487983491968552e-06]",4326,1024,1024,2018-10-01T02:26:02.000Z,train,3,0.014556884765625
palu-tsunami_00000187,xBD,palu-tsunami,tsunami,Tsunami,Moderate,Tsunami_Moderate,damaged_building_fraction,0.2307692307692307,13,3,0,0,3,train/images/palu-tsunami_00000187_pre_disaster.png,train/images/palu-tsunami_00000187_post_disaster.png,train/targets/palu-tsunami_00000187_post_disaster_target.png,True,119.9262663109364,-0.9782767269055014,"[119.92396849040396, 4.4879307274190365e-06, 0.0, -0.9759789063730628, 0.0, -4.4879307274190365e-06]",4326,1024,1024,2018-10-01T02:26:02.000Z,test,-1,0.00177001953125
palu-tsunami_00000188,xBD,palu-tsunami,tsunami,Tsunami,Severe,Tsunami_Severe,damaged_building_fraction,0.7647058823529411,34,26,0,0,26,train/images/palu-tsunami_00000188_pre_disaster.png,train/images/palu-tsunami_00000188_post_disaster.png,train/targets/palu-tsunami_00000188_post_disaster_target.png,True,119.91711317330498,-0.9875062995824776,"[119.9148153309077, 4.487973432189106e-06, 0.0, -0.9852084571851969, 0.0, -4.487973432189106e-06]",4326,1024,1024,2018-10-01T02:26:02.000Z,train,1,0.0153045654296875
palu-tsunami_00000189,xBD,palu-tsunami,tsunami,Tsunami,Severe,Tsunami_Severe,damaged_building_fraction,0.358974358974359,117,42,0,8,34,train/images/palu-tsunami_00000189_pre_disaster.png,train/images/palu-tsunami_00000189_post_disaster.png,train/targets/palu-tsunami_00000189_post_disaster_target.png,True,119.92169375705348,-0.98750224390264,"[119.91939592410723, 4.487954973159615e-06, 0.0, -0.9852044109563821, 0.0, -4.487954973159615e-06]",4326,1024,1024,2018-10-01T02:26:02.000Z,train,2,0.029876708984375
palu-tsunami_00000191,xBD,palu-tsunami,tsunami,Tsunami,Severe,Tsunami_Severe,damaged_building_fraction,0.8761904761904762,105,92,0,0,92,train/images/palu-tsunami_00000191_pre_disaster.png,train/images/palu-tsunami_00000191_post_disaster.png,train/targets/palu-tsunami_00000191_post_disaster_target.png,True,119.89878667333392,-0.9829116181405838,"[119.89648879475838, 4.488044092873738e-06, 0.0, -0.9806137395650325, 0.0, -4.488044092873738e-06]",4326,1024,1024,2018-10-01T02:26:02.000Z,val,0,0.038238525390625
palu-tsunami_00000195,xBD,palu-tsunami,tsunami,Tsunami,Moderate,Tsunami_Moderate,damaged_building_fraction,0.238095238095238,21,5,0,1,4,train/images/palu-tsunami_00000195_pre_disaster.png,train/images/palu-tsunami_00000195_post_disaster.png,train/targets/palu-tsunami_00000195_post_disaster_target.png,True,119.9262703070367,-0.98288745446435,"[119.92397248503384, 4.487933599330892e-06, 0.0, -0.9805896324614924, 0.0, -4.487933599330892e-06]",4326,1024,1024,2018-10-01T02:26:02.000Z,train,3,0.00164794921875
